RegionID,state_cd,state,month,date,Rt_mean,Rt_median,Re_price,CPI_1mo,CPI_12mo,Ur_rate
28,ME,Maine,Mar-20,2020-03-31,0.9945780592313922,0.9952537027107068,250383,-0.02,0.017,0.031
28,ME,Maine,Apr-20,2020-04-30,1.0699582776184076,1.0678696859420704,252441,-0.004,0.008,0.091
28,ME,Maine,May-20,2020-05-31,0.9456612878383324,0.9460219964880644,254209,0.0,0.006,0.083
28,ME,Maine,Jun-20,2020-06-30,0.9221687384952446,0.9210793382009724,255653,0.003,0.008,0.053
28,ME,Maine,Jul-20,2020-07-31,1.0427309814723629,1.0390236098293024,257305,0.004,0.011,0.08800000000000001
28,ME,Maine,Aug-20,2020-08-31,0.9694760751247848,0.9664507125976564,259742,0.001,0.011,0.052000000000000005
28,ME,Maine,Sep-20,2020-09-30,1.1035454336614798,1.1010050308606942,262687,0.001,0.012,0.049
28,ME,Maine,Oct-20,2020-10-31,1.1862226849075592,1.1860001001350962,265980,-0.002,0.011,0.048
28,ME,Maine,Nov-20,2020-11-30,1.1809767342364434,1.1787017975708145,269331,0.001,0.011,0.049
28,ME,Maine,Dec-20,2020-12-31,0.9671619752756514,0.9666889883774136,272995,0.002,0.014,0.05
28,ME,Maine,Jan-21,2021-01-31,0.9819850922382638,0.9690601054755568,276704,0.004,0.011,0.052000000000000005
39,NH,New Hampshire,Feb-20,2020-02-29,1.7674397323272066,1.741404623470168,298335,0.003,0.024,0.026000000000000002
39,NH,New Hampshire,Mar-20,2020-03-31,1.1325133654327295,1.1301642693106038,300730,-0.02,0.017,0.027000000000000003
39,NH,New Hampshire,Apr-20,2020-04-30,0.9338156567462884,0.9327872197912538,302772,-0.004,0.008,0.16
39,NH,New Hampshire,May-20,2020-05-31,0.8687660531729853,0.8645783689057696,304365,0.0,0.006,0.134
39,NH,New Hampshire,Jun-20,2020-06-30,1.026986749174864,1.023478975917727,305927,0.003,0.008,0.10300000000000001
39,NH,New Hampshire,Jul-20,2020-07-31,0.9380559356942983,0.9368194282791782,308064,0.004,0.011,0.081
39,NH,New Hampshire,Aug-20,2020-08-31,1.1159510694892651,1.1128558771232395,311294,0.001,0.011,0.066
39,NH,New Hampshire,Sep-20,2020-09-30,1.1205570883127636,1.1161951509161427,315139,0.001,0.012,0.055
39,NH,New Hampshire,Oct-20,2020-10-31,1.2729342485492343,1.2717640090999245,319365,-0.002,0.011,0.047
39,NH,New Hampshire,Nov-20,2020-11-30,1.0433659619483449,1.0440352952969096,323886,0.001,0.011,0.042
39,NH,New Hampshire,Dec-20,2020-12-31,0.9643846940912266,0.9626237767042992,328724,0.002,0.014,0.038
39,NH,New Hampshire,Jan-21,2021-01-31,0.995567851021843,0.9835351063375743,333322,0.004,0.011,0.036000000000000004
58,VT,Vermont,Mar-20,2020-03-31,0.7105024434953671,0.7087257047037167,260891,-0.02,0.017,0.026000000000000002
58,VT,Vermont,Apr-20,2020-04-30,0.8181944874949871,0.8165624130381531,261212,-0.004,0.008,0.14800000000000002
58,VT,Vermont,May-20,2020-05-31,1.061668480556334,1.0582590291039833,262229,0.0,0.006,0.09300000000000001
58,VT,Vermont,Jun-20,2020-06-30,0.9544314833124736,0.9526350789503356,263248,0.003,0.008,0.077
58,VT,Vermont,Jul-20,2020-07-31,0.9506270992601958,0.9465960658962552,264425,0.004,0.011,0.064
58,VT,Vermont,Aug-20,2020-08-31,1.0974111191230531,1.0914018532893737,265434,0.001,0.011,0.054000000000000006
58,VT,Vermont,Sep-20,2020-09-30,1.256355676704486,1.2576921124054363,266316,0.001,0.012,0.046
58,VT,Vermont,Oct-20,2020-10-31,1.1541012424979755,1.1508807936922116,268068,-0.002,0.011,0.04
58,VT,Vermont,Nov-20,2020-11-30,1.0376991284313402,1.0367117426327148,270584,0.001,0.011,0.037000000000000005
58,VT,Vermont,Dec-20,2020-12-31,1.093592907365288,1.0933931831114947,273542,0.002,0.014,0.035
58,VT,Vermont,Jan-21,2021-01-31,1.1460465343641986,1.1388357339999051,276150,0.004,0.011,0.032
26,MA,Massachusetts,Mar-20,2020-03-31,0.957592412111859,0.9561491382237044,434408,-0.02,0.017,0.027000000000000003
26,MA,Massachusetts,Apr-20,2020-04-30,0.8742729973182787,0.8734161155610926,436226,-0.004,0.008,0.16399999999999998
26,MA,Massachusetts,May-20,2020-05-31,0.7507634033251823,0.7489217744088861,438382,0.0,0.006,0.153
26,MA,Massachusetts,Jun-20,2020-06-30,1.058850167483368,1.0582321030426325,440195,0.003,0.008,0.14800000000000002
26,MA,Massachusetts,Jul-20,2020-07-31,0.8818740123866382,0.8793220662764099,443182,0.004,0.011,0.098
26,MA,Massachusetts,Aug-20,2020-08-31,1.1522885305310488,1.1488113734776104,447370,0.001,0.011,0.09300000000000001
26,MA,Massachusetts,Sep-20,2020-09-30,1.1277414533018773,1.1277886847776366,452475,0.001,0.012,0.08900000000000001
26,MA,Massachusetts,Oct-20,2020-10-31,1.1298266168518751,1.1295309368354696,457983,-0.002,0.011,0.085
26,MA,Massachusetts,Nov-20,2020-11-30,1.0766331009068586,1.0737639685240774,463792,0.001,0.011,0.084
26,MA,Massachusetts,Dec-20,2020-12-31,0.9411940799142092,0.941033313490636,469558,0.002,0.014,0.084
26,MA,Massachusetts,Jan-21,2021-01-31,0.914697986063028,0.9081619464687544,474984,0.004,0.011,0.078
50,RI,Rhode Island,Feb-20,2020-02-29,2.5051815336925105,2.5116989019154308,304888,0.003,0.024,0.04
50,RI,Rhode Island,Mar-20,2020-03-31,1.2821079198845589,1.2798800428881756,306483,-0.02,0.017,0.04
50,RI,Rhode Island,Apr-20,2020-04-30,0.8231225302728421,0.8225039620086564,308416,-0.004,0.008,0.174
50,RI,Rhode Island,May-20,2020-05-31,0.8372366017792195,0.8362648320752604,310297,0.0,0.006,0.129
50,RI,Rhode Island,Jun-20,2020-06-30,1.193359979748605,1.1876234136678177,312304,0.003,0.008,0.109
50,RI,Rhode Island,Jul-20,2020-07-31,0.9002190083672464,0.8995318917422276,314151,0.004,0.011,0.14
50,RI,Rhode Island,Aug-20,2020-08-31,1.105751797351217,1.1059421317383902,317064,0.001,0.011,0.126
50,RI,Rhode Island,Sep-20,2020-09-30,1.2126287042326045,1.2136914296767949,320939,0.001,0.012,0.109
50,RI,Rhode Island,Oct-20,2020-10-31,1.1454621630678663,1.1450683214823911,325388,-0.002,0.011,0.073
50,RI,Rhode Island,Nov-20,2020-11-30,0.9672684640691832,0.9645964062421792,329630,0.001,0.011,0.079
50,RI,Rhode Island,Dec-20,2020-12-31,0.9255094369659408,0.9230861687962988,334345,0.002,0.014,0.079
50,RI,Rhode Island,Jan-21,2021-01-31,0.922569902375822,0.9067027915335358,339454,0.004,0.011,0.07200000000000001
11,CT,Connecticut,Feb-20,2020-02-29,3.059434430686589,3.0257430094122166,259980,0.003,0.024,0.037000000000000005
11,CT,Connecticut,Mar-20,2020-03-31,1.1973991369600572,1.1953446537851822,260910,-0.02,0.017,0.038
11,CT,Connecticut,Apr-20,2020-04-30,0.7743425665700241,0.7737413855926529,261705,-0.004,0.008,0.086
11,CT,Connecticut,May-20,2020-05-31,0.8167550790548281,0.8160739101183755,262826,0.0,0.006,0.114
11,CT,Connecticut,Jun-20,2020-06-30,1.118280115195266,1.116274997986884,264343,0.003,0.008,0.114
11,CT,Connecticut,Jul-20,2020-07-31,1.0142072713227273,1.0079292253174723,266552,0.004,0.011,0.113
11,CT,Connecticut,Aug-20,2020-08-31,1.0723745030006642,1.0661354192663173,269422,0.001,0.011,0.084
11,CT,Connecticut,Sep-20,2020-09-30,1.2254623688391777,1.2231217882779606,272911,0.001,0.012,0.083
11,CT,Connecticut,Oct-20,2020-10-31,1.171066440389742,1.1673897204369688,276712,-0.002,0.011,0.08199999999999999
11,CT,Connecticut,Nov-20,2020-11-30,0.99424388689679,0.9908596807206916,280848,0.001,0.011,0.08199999999999999
11,CT,Connecticut,Dec-20,2020-12-31,0.969218838540552,0.9626414672329692,284967,0.002,0.014,0.08199999999999999
11,CT,Connecticut,Jan-21,2021-01-31,0.9793032925199152,0.95079615396416,289220,0.004,0.011,0.081
43,NY,New York,Feb-20,2020-02-29,5.1107785691419405,5.097099383266273,326033,0.003,0.024,0.039
43,NY,New York,Mar-20,2020-03-31,0.7947384749866676,0.7923045018558538,327042,-0.02,0.017,0.039
43,NY,New York,Apr-20,2020-04-30,0.7267815476753655,0.7260374665590372,328210,-0.004,0.008,0.162
43,NY,New York,May-20,2020-05-31,0.8936413390529258,0.8925993853991345,329278,0.0,0.006,0.157
43,NY,New York,Jun-20,2020-06-30,1.0104976880610304,1.0071506059182471,330643,0.003,0.008,0.15
43,NY,New York,Jul-20,2020-07-31,0.944001354499082,0.944396687885846,332375,0.004,0.011,0.147
43,NY,New York,Aug-20,2020-08-31,1.051183626253885,1.0498414912830023,334552,0.001,0.011,0.11699999999999999
43,NY,New York,Sep-20,2020-09-30,1.0157496832767796,1.0111414117411115,337195,0.001,0.012,0.1
43,NY,New York,Oct-20,2020-10-31,1.1729757149594635,1.1732595889744286,340259,-0.002,0.011,0.087
43,NY,New York,Nov-20,2020-11-30,1.0685233189982792,1.0665411530846842,343512,0.001,0.011,0.087
43,NY,New York,Dec-20,2020-12-31,0.926561430694112,0.9268636697099164,346770,0.002,0.014,0.087
43,NY,New York,Jan-21,2021-01-31,0.926203579322344,0.9056481075261708,349861,0.004,0.011,0.08800000000000001
40,NJ,New Jersey,Feb-20,2020-02-29,4.118374833018689,4.0860215764349865,342744,0.003,0.024,0.037000000000000005
40,NJ,New Jersey,Mar-20,2020-03-31,0.9781396821414512,0.977013844277398,344319,-0.02,0.017,0.038
40,NJ,New Jersey,Apr-20,2020-04-30,0.7636206056517323,0.7618265262881301,345910,-0.004,0.008,0.166
40,NJ,New Jersey,May-20,2020-05-31,0.8908306251032198,0.8883514899184646,347313,0.0,0.006,0.165
40,NJ,New Jersey,Jun-20,2020-06-30,0.994157879360432,0.9910607238648204,349069,0.003,0.008,0.163
40,NJ,New Jersey,Jul-20,2020-07-31,0.9915687931879889,0.9898427908397424,351188,0.004,0.011,0.131
40,NJ,New Jersey,Aug-20,2020-08-31,1.0722531812043237,1.0723378719276837,354533,0.001,0.011,0.11
40,NJ,New Jersey,Sep-20,2020-09-30,1.1615364478292023,1.1601263873997714,358690,0.001,0.012,0.078
40,NJ,New Jersey,Oct-20,2020-10-31,1.1231574637315478,1.120417573634246,363395,-0.002,0.011,0.077
40,NJ,New Jersey,Nov-20,2020-11-30,0.9944445217743452,0.9901713381155348,368133,0.001,0.011,0.102
40,NJ,New Jersey,Dec-20,2020-12-31,0.9574999464007934,0.9534480392640018,372788,0.002,0.014,0.077
40,NJ,New Jersey,Jan-21,2021-01-31,0.947735338187328,0.9347640227859064,377346,0.004,0.011,0.078
47,PA,Pennsylvania,Feb-20,2020-02-29,3.2868578985131105,3.2801216327627403,197405,0.003,0.024,0.05
47,PA,Pennsylvania,Mar-20,2020-03-31,1.0077570490996703,1.0045616112007243,198286,-0.02,0.017,0.051
47,PA,Pennsylvania,Apr-20,2020-04-30,0.8136874673921294,0.8125503401490961,199332,-0.004,0.008,0.162
47,PA,Pennsylvania,May-20,2020-05-31,0.9393592910376494,0.9370153085344268,200192,0.0,0.006,0.135
47,PA,Pennsylvania,Jun-20,2020-06-30,1.0310428517192112,1.0299068295464178,201277,0.003,0.008,0.133
47,PA,Pennsylvania,Jul-20,2020-07-31,0.9667560785704088,0.9638311443584856,202598,0.004,0.011,0.13
47,PA,Pennsylvania,Aug-20,2020-08-31,1.0144918875913995,1.0128883936400954,204330,0.001,0.011,0.102
47,PA,Pennsylvania,Sep-20,2020-09-30,1.1132581544514522,1.1113191660117154,206263,0.001,0.012,0.071
47,PA,Pennsylvania,Oct-20,2020-10-31,1.1637018163582402,1.1652180586242231,208387,-0.002,0.011,0.07
47,PA,Pennsylvania,Nov-20,2020-11-30,1.044546355960002,1.043621741758518,210667,0.001,0.011,0.071
47,PA,Pennsylvania,Dec-20,2020-12-31,0.8922437319615552,0.8901257889558559,213058,0.002,0.014,0.071
47,PA,Pennsylvania,Jan-21,2021-01-31,0.8998864665331958,0.8844233985727123,215502,0.004,0.011,0.073
13,DE,Delaware,Mar-20,2020-03-31,1.3098977559454104,1.3063971955279527,259820,-0.001,0.011,0.048
13,DE,Delaware,Apr-20,2020-04-30,0.7660315514411546,0.7649097661117363,261135,-0.008,-0.002,0.134
13,DE,Delaware,May-20,2020-05-31,0.9686441615940125,0.9663194961719566,262953,-0.002,-0.004,0.133
13,DE,Delaware,Jun-20,2020-06-30,0.9860045312892064,0.9851183439232558,265194,0.006,0.003,0.129
13,DE,Delaware,Jul-20,2020-07-31,0.9570316139191396,0.9553150537243416,267436,0.006,0.006,0.083
13,DE,Delaware,Aug-20,2020-08-31,1.0990182919490612,1.0935481119152128,269517,0.004,0.011,0.079
13,DE,Delaware,Sep-20,2020-09-30,1.0209237225581411,1.0201508125494498,271856,0.002,0.013,0.076
13,DE,Delaware,Oct-20,2020-10-31,1.1416864006201912,1.1399588243190806,274606,0.001,0.013,0.057
13,DE,Delaware,Nov-20,2020-11-30,1.0479868687549827,1.0452147159537613,277469,-0.001,0.012,0.057999999999999996
13,DE,Delaware,Dec-20,2020-12-31,0.9795115127870778,0.9782822753223644,280215,0.002,0.014,0.059000000000000004
13,DE,Delaware,Jan-21,2021-01-31,0.9853358512354472,0.965442658541288,282953,0.005,0.016,0.061
27,MD,Maryland,Feb-20,2020-02-29,2.9162884013628223,2.8972273103856767,315404,0.002,0.019,0.035
27,MD,Maryland,Mar-20,2020-03-31,1.0902700359174722,1.0875811413528438,316572,-0.001,0.011,0.035
27,MD,Maryland,Apr-20,2020-04-30,0.874426630597266,0.875509681287435,317390,-0.008,-0.002,0.09
27,MD,Maryland,May-20,2020-05-31,0.8543847851747298,0.8515045861044841,318628,-0.002,-0.004,0.09
27,MD,Maryland,Jun-20,2020-06-30,1.0677103449348226,1.0708348811174089,319934,0.006,0.003,0.086
27,MD,Maryland,Jul-20,2020-07-31,0.930773983532584,0.9294197004087648,321952,0.006,0.006,0.087
27,MD,Maryland,Aug-20,2020-08-31,0.9848297998172012,0.985803690421046,324481,0.004,0.011,0.086
27,MD,Maryland,Sep-20,2020-09-30,1.0525302666347658,1.048495799398296,327545,0.002,0.013,0.07
27,MD,Maryland,Oct-20,2020-10-31,1.1203584979656287,1.1205744517906329,330810,0.001,0.013,0.068
27,MD,Maryland,Nov-20,2020-11-30,1.0346786433553818,1.0329684118093834,334398,-0.001,0.012,0.068
27,MD,Maryland,Dec-20,2020-12-31,0.9640589496364106,0.9630418846162092,338230,0.002,0.014,0.068
27,MD,Maryland,Jan-21,2021-01-31,0.9706527576488032,0.9588702809261532,341806,0.005,0.016,0.064
56,VA,Virginia,Feb-20,2020-02-29,2.3929261966749475,2.3759855302609667,287982,0.002,0.019,0.025
56,VA,Virginia,Mar-20,2020-03-31,1.2683475489149734,1.2646616411275966,288982,-0.001,0.011,0.026000000000000002
56,VA,Virginia,Apr-20,2020-04-30,0.974493316646964,0.9732155321562076,290218,-0.008,-0.002,0.113
56,VA,Virginia,May-20,2020-05-31,0.8420856202697705,0.840646270453163,291528,-0.002,-0.004,0.085
56,VA,Virginia,Jun-20,2020-06-30,1.08622532933536,1.086266487402899,293023,0.006,0.003,0.08800000000000001
56,VA,Virginia,Jul-20,2020-07-31,0.9655640724145488,0.9641535678699102,294675,0.006,0.006,0.079
56,VA,Virginia,Aug-20,2020-08-31,0.9286182272543688,0.925745917157373,296441,0.004,0.011,0.07
56,VA,Virginia,Sep-20,2020-09-30,1.0535849209984507,1.0516388119329498,298432,0.002,0.013,0.066
56,VA,Virginia,Oct-20,2020-10-31,1.0946863770082305,1.0935835792644202,300614,0.001,0.013,0.061
56,VA,Virginia,Nov-20,2020-11-30,1.015119066607204,1.0148159547266604,303301,-0.001,0.012,0.057999999999999996
56,VA,Virginia,Dec-20,2020-12-31,1.0341453376905012,1.0292901158506296,306131,0.002,0.014,0.055999999999999994
56,VA,Virginia,Jan-21,2021-01-31,1.0152550816995227,1.0032730262228635,309134,0.005,0.016,0.053
12,DC,District of Columbia,Feb-20,2020-02-29,2.2925086044937206,2.2741843184631687,652783,0.002,0.019,0.05
12,DC,District of Columbia,Mar-20,2020-03-31,1.147418642684155,1.1426849750443917,654578,-0.001,0.011,0.052000000000000005
12,DC,District of Columbia,Apr-20,2020-04-30,0.8863467570102666,0.8828178517941452,655735,-0.008,-0.002,0.111
12,DC,District of Columbia,May-20,2020-05-31,0.7870691745256455,0.7846335825370028,654844,-0.002,-0.004,0.08900000000000001
12,DC,District of Columbia,Jun-20,2020-06-30,1.0983604317445426,1.0971662928352144,655010,0.006,0.003,0.08900000000000001
12,DC,District of Columbia,Jul-20,2020-07-31,0.9446233124080874,0.9429972875436894,655687,0.006,0.006,0.08900000000000001
12,DC,District of Columbia,Aug-20,2020-08-31,0.9541064810485912,0.9520756419960168,658418,0.004,0.011,0.08800000000000001
12,DC,District of Columbia,Sep-20,2020-09-30,1.044480188571168,1.0461224626892802,661564,0.002,0.013,0.087
12,DC,District of Columbia,Oct-20,2020-10-31,1.1068222813095536,1.1067035900538569,664152,0.001,0.013,0.08800000000000001
12,DC,District of Columbia,Nov-20,2020-11-30,1.0130606783777003,1.0126554425514107,668106,-0.001,0.012,0.08800000000000001
12,DC,District of Columbia,Dec-20,2020-12-31,0.9422695346350608,0.9383361693572184,670577,0.002,0.014,0.08800000000000001
12,DC,District of Columbia,Jan-21,2021-01-31,0.9279655751896356,0.913226646526916,671644,0.005,0.016,0.084
36,NC,North Carolina,Feb-20,2020-02-29,2.5102147850908865,2.500233952176401,209650,0.002,0.019,0.036000000000000004
36,NC,North Carolina,Mar-20,2020-03-31,1.0919868402677455,1.0905337269134494,210568,-0.001,0.011,0.039
36,NC,North Carolina,Apr-20,2020-04-30,1.140880026375335,1.138045652880223,211695,-0.008,-0.002,0.135
36,NC,North Carolina,May-20,2020-05-31,1.0848927376194706,1.0790229814875143,212888,-0.002,-0.004,0.135
36,NC,North Carolina,Jun-20,2020-06-30,0.987627255198144,0.9888571483450525,214138,0.006,0.003,0.08800000000000001
36,NC,North Carolina,Jul-20,2020-07-31,0.9964805429560823,0.9952363145764158,215560,0.006,0.006,0.08800000000000001
36,NC,North Carolina,Aug-20,2020-08-31,1.0143686918204586,1.0139846834464048,217180,0.004,0.011,0.068
36,NC,North Carolina,Sep-20,2020-09-30,1.0191075383732902,1.0175077136548047,218997,0.002,0.013,0.073
36,NC,North Carolina,Oct-20,2020-10-31,1.0627416399142329,1.0606210461303136,221002,0.001,0.013,0.068
36,NC,North Carolina,Nov-20,2020-11-30,1.0484405223088211,1.0473359548071066,223150,-0.001,0.012,0.064
36,NC,North Carolina,Dec-20,2020-12-31,0.9258752360371584,0.9251607571438428,225550,0.002,0.014,0.061
36,NC,North Carolina,Jan-21,2021-01-31,0.9345959896960816,0.920201610769344,228263,0.005,0.016,0.059000000000000004
51,SC,South Carolina,Feb-20,2020-02-29,2.4921988852144747,2.470712063062756,193831,0.002,0.019,0.027999999999999997
51,SC,South Carolina,Mar-20,2020-03-31,1.027627472412452,1.0257633211337644,194576,-0.001,0.011,0.03
51,SC,South Carolina,Apr-20,2020-04-30,1.0028813385754658,1.0013085412355849,195347,-0.008,-0.002,0.115
51,SC,South Carolina,May-20,2020-05-31,1.3240821608118731,1.3244243451054922,196429,-0.002,-0.004,0.115
51,SC,South Carolina,Jun-20,2020-06-30,0.9761758690371244,0.9732562822490718,197510,0.006,0.003,0.077
51,SC,South Carolina,Jul-20,2020-07-31,0.9406480479489278,0.9395453551366948,198686,0.006,0.006,0.076
51,SC,South Carolina,Aug-20,2020-08-31,0.8859794823005999,0.8843818882699491,199940,0.004,0.011,0.054000000000000006
51,SC,South Carolina,Sep-20,2020-09-30,1.0618066936040311,1.0630116344366451,201408,0.002,0.013,0.054000000000000006
51,SC,South Carolina,Oct-20,2020-10-31,1.029208021385605,1.0282217568663317,203068,0.001,0.013,0.054000000000000006
51,SC,South Carolina,Nov-20,2020-11-30,1.0865903388407616,1.0856934428102796,204845,-0.001,0.012,0.055999999999999994
51,SC,South Carolina,Dec-20,2020-12-31,0.903471194230808,0.9000749584710485,206684,0.002,0.014,0.055999999999999994
51,SC,South Carolina,Jan-21,2021-01-31,0.8675406226096056,0.8551706194493592,208597,0.005,0.016,0.053
16,GA,Georgia,Feb-20,2020-02-29,2.939400764019509,2.9340892836044734,208047,0.002,0.019,0.035
16,GA,Georgia,Mar-20,2020-03-31,0.9828344705009116,0.9820555238374982,209051,-0.001,0.011,0.036000000000000004
16,GA,Georgia,Apr-20,2020-04-30,0.8949601454122567,0.8899704064768869,210062,-0.008,-0.002,0.125
16,GA,Georgia,May-20,2020-05-31,1.1329063014639162,1.1294091229506336,211063,-0.002,-0.004,0.094
16,GA,Georgia,Jun-20,2020-06-30,1.005011855678011,1.003625558457134,212288,0.006,0.003,0.084
16,GA,Georgia,Jul-20,2020-07-31,0.9552886709464076,0.954289005181956,213632,0.006,0.006,0.076
16,GA,Georgia,Aug-20,2020-08-31,0.9184507829083032,0.9186173529443422,215126,0.004,0.011,0.07
16,GA,Georgia,Sep-20,2020-09-30,1.041038138656995,1.0406858608677672,216779,0.002,0.013,0.065
16,GA,Georgia,Oct-20,2020-10-31,1.0370512712712645,1.034471549472396,218701,0.001,0.013,0.059000000000000004
16,GA,Georgia,Nov-20,2020-11-30,1.093648941393649,1.0912914699939211,221020,-0.001,0.012,0.055999999999999994
16,GA,Georgia,Dec-20,2020-12-31,0.8819643818440664,0.87870482740997,223526,0.002,0.014,0.053
16,GA,Georgia,Jan-21,2021-01-31,0.8397354679248176,0.8279355060907919,226068,0.005,0.016,0.051
14,FL,Florida,Feb-20,2020-02-29,3.4809205682686293,3.4690273686745616,249941,0.002,0.019,0.033
14,FL,Florida,Mar-20,2020-03-31,0.8650562798800179,0.8638371112386742,251224,-0.001,0.011,0.049
14,FL,Florida,Apr-20,2020-04-30,0.9224906472965289,0.9198736070732187,252550,-0.008,-0.002,0.14
14,FL,Florida,May-20,2020-05-31,1.3874981512067517,1.3839421495153714,253830,-0.002,-0.004,0.142
14,FL,Florida,Jun-20,2020-06-30,0.9836488913052718,0.9805480821215286,255100,0.006,0.003,0.11599999999999999
14,FL,Florida,Jul-20,2020-07-31,0.9228098025197984,0.9208184776779376,256402,0.006,0.006,0.115
14,FL,Florida,Aug-20,2020-08-31,0.9630926736990854,0.9620348081502956,258191,0.004,0.011,0.079
14,FL,Florida,Sep-20,2020-09-30,1.0406021916074542,1.0386710936877468,260325,0.002,0.013,0.07200000000000001
14,FL,Florida,Oct-20,2020-10-31,1.0450303324338603,1.0408087441483826,262677,0.001,0.013,0.057999999999999996
14,FL,Florida,Nov-20,2020-11-30,1.0729686131914165,1.0719123822499528,265055,-0.001,0.012,0.054000000000000006
14,FL,Florida,Dec-20,2020-12-31,0.96420708252028,0.9602806533877212,267604,0.002,0.014,0.051
14,FL,Florida,Jan-21,2021-01-31,0.9862328915827407,0.9772047842091568,270305,0.005,0.016,0.048
24,KY,Kentucky,Feb-20,2020-02-29,2.2243648417112247,2.216302300459758,150366,0.002,0.019,0.042
24,KY,Kentucky,Mar-20,2020-03-31,1.218167401139076,1.2183811606409578,150939,-0.001,0.011,0.042
24,KY,Kentucky,Apr-20,2020-04-30,1.006384670371255,1.0098160246175707,151473,-0.008,-0.002,0.16899999999999998
24,KY,Kentucky,May-20,2020-05-31,1.0151429998834045,1.0138740559495738,152067,-0.002,-0.004,0.109
24,KY,Kentucky,Jun-20,2020-06-30,1.1677485567208807,1.168358196915266,152677,0.006,0.003,0.057
24,KY,Kentucky,Jul-20,2020-07-31,1.0099369597029113,1.0115251484309122,153365,0.006,0.006,0.055999999999999994
24,KY,Kentucky,Aug-20,2020-08-31,1.0016238770073456,0.998560133229057,154354,0.004,0.011,0.055
24,KY,Kentucky,Sep-20,2020-09-30,1.0926652379751003,1.0910694476698115,155468,0.002,0.013,0.055
24,KY,Kentucky,Oct-20,2020-10-31,1.1070100867355028,1.1057553127703978,156743,0.001,0.013,0.055
24,KY,Kentucky,Nov-20,2020-11-30,1.0392337725803378,1.0378563504779508,158223,-0.001,0.012,0.055999999999999994
24,KY,Kentucky,Dec-20,2020-12-31,0.9795966211195606,0.9780235302594686,159644,0.002,0.014,0.055999999999999994
24,KY,Kentucky,Jan-21,2021-01-31,0.9456582363831646,0.9421677156450228,160990,0.005,0.016,0.053
61,WV,West Virginia,Mar-20,2020-03-31,0.9842775338082792,0.9842172834762386,108124,-0.001,0.011,0.053
61,WV,West Virginia,Apr-20,2020-04-30,1.0256081813195346,1.0247757395171708,108244,-0.008,-0.002,0.156
61,WV,West Virginia,May-20,2020-05-31,1.1183131963827837,1.114282816145837,108532,-0.002,-0.004,0.11900000000000001
61,WV,West Virginia,Jun-20,2020-06-30,1.083160925804851,1.0846285871611523,108833,0.006,0.003,0.105
61,WV,West Virginia,Jul-20,2020-07-31,0.9741569271010492,0.9742027952003388,109166,0.006,0.006,0.094
61,WV,West Virginia,Aug-20,2020-08-31,1.02205459386969,1.0218682525688316,109497,0.004,0.011,0.085
61,WV,West Virginia,Sep-20,2020-09-30,1.0508271494501005,1.0505640399149323,109898,0.002,0.013,0.079
61,WV,West Virginia,Oct-20,2020-10-31,1.0701879398020455,1.069002856385088,110399,0.001,0.013,0.07400000000000001
61,WV,West Virginia,Nov-20,2020-11-30,1.1020716008467548,1.0980169145649803,111258,-0.001,0.012,0.07
61,WV,West Virginia,Dec-20,2020-12-31,0.8892547938171242,0.8889588611574183,112097,0.002,0.014,0.067
61,WV,West Virginia,Jan-21,2021-01-31,0.9337687858275272,0.9243551315237784,112874,0.005,0.016,0.065
44,OH,Ohio,Feb-20,2020-02-29,2.845082671406073,2.8368415491620875,153569,0.003,0.021,0.047
44,OH,Ohio,Mar-20,2020-03-31,1.1614499459509104,1.160818453075528,154360,-0.005,0.01,0.049
44,OH,Ohio,Apr-20,2020-04-30,0.9495386566841216,0.946946913920254,155200,-0.011,-0.004,0.16399999999999998
44,OH,Ohio,May-20,2020-05-31,1.0657375136179423,1.0661034755492431,156118,0.003,-0.004,0.149
44,OH,Ohio,Jun-20,2020-06-30,1.0084570923896496,1.0068115991945903,157133,0.008,0.004,0.10300000000000001
44,OH,Ohio,Jul-20,2020-07-31,0.9438657818176804,0.9436359010806136,158215,0.005,0.007,0.09300000000000001
44,OH,Ohio,Aug-20,2020-08-31,0.913048482381436,0.9125427163655564,159608,0.004,0.011,0.09
44,OH,Ohio,Sep-20,2020-09-30,1.1683241171490664,1.1653111711603836,161103,0.002,0.013,0.07400000000000001
44,OH,Ohio,Oct-20,2020-10-31,1.1568699295523577,1.1563307232239193,162790,-0.001,0.01,0.055999999999999994
44,OH,Ohio,Nov-20,2020-11-30,1.0049387038026758,1.0055667980017522,164710,-0.002,0.01,0.055999999999999994
44,OH,Ohio,Dec-20,2020-12-31,0.8908050450749555,0.8892593754990011,166639,0.001,0.011,0.055999999999999994
44,OH,Ohio,Jan-21,2021-01-31,0.8702200420873665,0.8602523197508706,168564,0.005,0.012,0.053
22,IN,Indiana,Feb-20,2020-02-29,3.389733935758089,3.3703068764851496,158961,0.003,0.021,0.032
22,IN,Indiana,Mar-20,2020-03-31,1.0117801381983111,1.0116402705704142,159776,-0.005,0.01,0.033
22,IN,Indiana,Apr-20,2020-04-30,0.8403167478202535,0.8413583590724858,160616,-0.011,-0.004,0.16899999999999998
22,IN,Indiana,May-20,2020-05-31,0.8856652463565838,0.8834524805332286,161449,0.003,-0.004,0.12
22,IN,Indiana,Jun-20,2020-06-30,1.081699916560365,1.0799498069086186,162419,0.008,0.004,0.10099999999999999
22,IN,Indiana,Jul-20,2020-07-31,0.9956203706662504,0.9914179366118548,163455,0.005,0.007,0.086
22,IN,Indiana,Aug-20,2020-08-31,1.0323296758740872,1.0297981016379565,164610,0.004,0.011,0.073
22,IN,Indiana,Sep-20,2020-09-30,1.1283964454874142,1.1257244231548071,165917,0.002,0.013,0.063
22,IN,Indiana,Oct-20,2020-10-31,1.0572981119033762,1.0568141896693906,167401,-0.001,0.01,0.055999999999999994
22,IN,Indiana,Nov-20,2020-11-30,1.0235946929456077,1.0212328393070915,169142,-0.002,0.01,0.05
22,IN,Indiana,Dec-20,2020-12-31,0.8790460258960466,0.8767875553711508,171040,0.001,0.011,0.046
22,IN,Indiana,Jan-21,2021-01-31,0.9131570563055552,0.9033230201103548,172916,0.005,0.012,0.042
30,MI,Michigan,Feb-20,2020-02-29,2.317413131200017,2.314780781847181,177264,0.003,0.021,0.037000000000000005
30,MI,Michigan,Mar-20,2020-03-31,0.8833351046718236,0.8803469506842216,178348,-0.005,0.01,0.037000000000000005
30,MI,Michigan,Apr-20,2020-04-30,0.8089665919046384,0.8063942300818161,179366,-0.011,-0.004,0.23600000000000002
30,MI,Michigan,May-20,2020-05-31,1.1002273712552746,1.0956397523623096,180112,0.003,-0.004,0.20800000000000002
30,MI,Michigan,Jun-20,2020-06-30,1.0432327582190564,1.042967037597073,180710,0.008,0.004,0.141
30,MI,Michigan,Jul-20,2020-07-31,1.0106581135462898,1.007716723576745,181631,0.005,0.007,0.09
30,MI,Michigan,Aug-20,2020-08-31,1.0030779686137654,1.0014381793671665,183244,0.004,0.011,0.085
30,MI,Michigan,Sep-20,2020-09-30,1.146717851575092,1.1462665846975488,185209,0.002,0.013,0.08199999999999999
30,MI,Michigan,Oct-20,2020-10-31,1.1040681268367134,1.1015110883826942,187354,-0.001,0.01,0.081
30,MI,Michigan,Nov-20,2020-11-30,0.9326935273400274,0.9276751005589584,189494,-0.002,0.01,0.08199999999999999
30,MI,Michigan,Dec-20,2020-12-31,0.917687913224618,0.9138158504884748,191730,0.001,0.011,0.08199999999999999
30,MI,Michigan,Jan-21,2021-01-31,0.9339401956393664,0.9271436004537724,193828,0.005,0.012,0.057
4,AL,Alabama,Mar-20,2020-03-31,1.0148866854161012,1.013430982387532,148393,-0.001,0.011,0.026000000000000002
4,AL,Alabama,Apr-20,2020-04-30,1.0725372081809732,1.0725438948755388,149271,-0.008,-0.002,0.132
4,AL,Alabama,May-20,2020-05-31,1.060943744616072,1.05923206428683,150206,-0.002,-0.004,0.079
4,AL,Alabama,Jun-20,2020-06-30,1.0728825683013392,1.0686531488206146,151059,0.006,0.003,0.077
4,AL,Alabama,Jul-20,2020-07-31,0.9243530285342608,0.920094271441794,151939,0.006,0.006,0.07400000000000001
4,AL,Alabama,Aug-20,2020-08-31,0.9491080107611836,0.948909427705482,153006,0.004,0.011,0.071
4,AL,Alabama,Sep-20,2020-09-30,1.0926406555335266,1.0899377567954438,154307,0.002,0.013,0.067
4,AL,Alabama,Oct-20,2020-10-31,1.0651285112004851,1.0638585551943542,155690,0.001,0.013,0.047
4,AL,Alabama,Nov-20,2020-11-30,1.05796853888073,1.0546845561892817,157059,-0.001,0.012,0.047
4,AL,Alabama,Dec-20,2020-12-31,0.92587403127121,0.9257480043635672,158427,0.002,0.014,0.047
4,AL,Alabama,Jan-21,2021-01-31,0.9506291577555648,0.9337652107466108,159865,0.005,0.016,0.043
53,TN,Tennessee,Feb-20,2020-02-29,2.652854789201395,2.649236961368928,191585,0.002,0.019,0.039
53,TN,Tennessee,Mar-20,2020-03-31,1.0336348369652113,1.0327307444022882,192841,-0.001,0.011,0.04
53,TN,Tennessee,Apr-20,2020-04-30,0.9741069031112782,0.9722396774368564,194207,-0.008,-0.002,0.158
53,TN,Tennessee,May-20,2020-05-31,1.112595574525788,1.1091186395667585,195479,-0.002,-0.004,0.096
53,TN,Tennessee,Jun-20,2020-06-30,1.0351970425437702,1.0319105211240696,196820,0.006,0.003,0.09300000000000001
53,TN,Tennessee,Jul-20,2020-07-31,0.9260606028998676,0.9247749678523955,198279,0.006,0.006,0.08900000000000001
53,TN,Tennessee,Aug-20,2020-08-31,0.9562481418793088,0.9551704351530028,199825,0.004,0.011,0.081
53,TN,Tennessee,Sep-20,2020-09-30,1.1205367786738036,1.1180240120670852,201478,0.002,0.013,0.079
53,TN,Tennessee,Oct-20,2020-10-31,1.078149310271449,1.0743385147464504,203280,0.001,0.013,0.078
53,TN,Tennessee,Nov-20,2020-11-30,1.076878401696823,1.075526314851371,205362,-0.001,0.012,0.055999999999999994
53,TN,Tennessee,Dec-20,2020-12-31,0.8713248997309957,0.8684754602073683,207597,0.002,0.014,0.055999999999999994
53,TN,Tennessee,Jan-21,2021-01-31,0.8838907851866762,0.8738620616859873,209975,0.005,0.016,0.051
21,IL,Illinois,Feb-20,2020-02-29,3.70326048439912,3.68275695081134,208580,0.003,0.021,0.036000000000000004
21,IL,Illinois,Mar-20,2020-03-31,1.1260980981671187,1.1250169429862118,209128,-0.005,0.01,0.037000000000000005
21,IL,Illinois,Apr-20,2020-04-30,0.8448276284799008,0.8428222064673639,209374,-0.011,-0.004,0.165
21,IL,Illinois,May-20,2020-05-31,0.8161346358322783,0.8156868332215411,209797,0.003,-0.004,0.154
21,IL,Illinois,Jun-20,2020-06-30,1.094728176508576,1.0943876146620777,210319,0.008,0.004,0.142
21,IL,Illinois,Jul-20,2020-07-31,1.0161743487676589,1.015524476382939,211215,0.005,0.007,0.12
21,IL,Illinois,Aug-20,2020-08-31,0.9419746063874532,0.9407762291662116,212431,0.004,0.011,0.111
21,IL,Illinois,Sep-20,2020-09-30,1.1786843911231697,1.178714557075105,214075,0.002,0.013,0.10400000000000001
21,IL,Illinois,Oct-20,2020-10-31,1.011071156463312,1.0115954773740072,215900,-0.001,0.01,0.081
21,IL,Illinois,Nov-20,2020-11-30,0.9388255306329464,0.9372544577729354,217807,-0.002,0.01,0.081
21,IL,Illinois,Dec-20,2020-12-31,0.8578977566393575,0.8558695724581211,219688,0.001,0.011,0.08
21,IL,Illinois,Jan-21,2021-01-31,0.8524992998054068,0.8330177703890818,221372,0.005,0.012,0.077
60,WI,Wisconsin,Feb-20,2020-02-29,2.2735978984899807,2.2620521498831425,196911,0.003,0.021,0.033
60,WI,Wisconsin,Mar-20,2020-03-31,1.0402655514844348,1.0375577151738715,197783,-0.005,0.01,0.032
60,WI,Wisconsin,Apr-20,2020-04-30,1.0761104569983395,1.0758880465920364,198718,-0.011,-0.004,0.14800000000000002
60,WI,Wisconsin,May-20,2020-05-31,1.007460006018408,1.0073138505106498,199758,0.003,-0.004,0.10400000000000001
60,WI,Wisconsin,Jun-20,2020-06-30,1.0934734929150698,1.0937431238009538,201025,0.008,0.004,0.086
60,WI,Wisconsin,Jul-20,2020-07-31,0.9858289088374264,0.9828714432523972,202419,0.005,0.007,0.07200000000000001
60,WI,Wisconsin,Aug-20,2020-08-31,1.2434719133914067,1.2397161210560186,204070,0.004,0.011,0.061
60,WI,Wisconsin,Sep-20,2020-09-30,1.0978723556758043,1.0987325785250168,205917,0.002,0.013,0.052000000000000005
60,WI,Wisconsin,Oct-20,2020-10-31,1.014557398604162,1.0120832269915774,207800,-0.001,0.01,0.048
60,WI,Wisconsin,Nov-20,2020-11-30,0.9088144530611284,0.9104945929849462,210014,-0.002,0.01,0.044000000000000004
60,WI,Wisconsin,Dec-20,2020-12-31,0.882340899552071,0.8805081924130329,212212,0.001,0.011,0.04
60,WI,Wisconsin,Jan-21,2021-01-31,0.8277971963085159,0.8154917340926171,214625,0.005,0.012,0.038
31,MN,Minnesota,Feb-20,2020-02-29,1.5353421245378742,1.5242056013794618,263360,0.003,0.021,0.033
31,MN,Minnesota,Mar-20,2020-03-31,1.443554722252069,1.4421400622841618,264496,-0.005,0.01,0.035
31,MN,Minnesota,Apr-20,2020-04-30,0.8680694878109949,0.865847672491211,265813,-0.011,-0.004,0.09
31,MN,Minnesota,May-20,2020-05-31,0.9318916776390136,0.930454240806016,266978,0.003,-0.004,0.113
31,MN,Minnesota,Jun-20,2020-06-30,1.0569034954821597,1.0544351286999785,268105,0.008,0.004,0.08900000000000001
31,MN,Minnesota,Jul-20,2020-07-31,1.0779909932653309,1.0759332414843858,269470,0.005,0.007,0.076
31,MN,Minnesota,Aug-20,2020-08-31,0.9856584267658948,0.9839324283153846,271243,0.004,0.011,0.066
31,MN,Minnesota,Sep-20,2020-09-30,1.1631278236928702,1.1597792620435865,273199,0.002,0.013,0.057999999999999996
31,MN,Minnesota,Oct-20,2020-10-31,1.0554232904190997,1.0556386206275334,275427,-0.001,0.01,0.053
31,MN,Minnesota,Nov-20,2020-11-30,0.915879520930183,0.9140964246677454,277903,-0.002,0.01,0.05
31,MN,Minnesota,Dec-20,2020-12-31,0.9214636239046118,0.9182719144995408,280416,0.001,0.011,0.047
31,MN,Minnesota,Jan-21,2021-01-31,0.8909106035070701,0.883370798301826,283092,0.005,0.012,0.045
34,MS,Mississippi,Mar-20,2020-03-31,1.164372585073937,1.1635061342242805,128907,-0.001,0.011,0.06
34,MS,Mississippi,Apr-20,2020-04-30,0.9928711733482868,0.9926446590042748,129040,-0.008,-0.002,0.157
34,MS,Mississippi,May-20,2020-05-31,1.1752694269798436,1.1734099496147403,129369,-0.002,-0.004,0.11
34,MS,Mississippi,Jun-20,2020-06-30,1.1183447123748314,1.117196415666164,129720,0.006,0.003,0.096
34,MS,Mississippi,Jul-20,2020-07-31,0.8955517302452083,0.8917180923607544,130223,0.006,0.006,0.085
34,MS,Mississippi,Aug-20,2020-08-31,0.92169120565882,0.9194656240539938,130713,0.004,0.011,0.078
34,MS,Mississippi,Sep-20,2020-09-30,0.8666681124934443,0.8634290809561709,131319,0.002,0.013,0.07200000000000001
34,MS,Mississippi,Oct-20,2020-10-31,1.0190293884498078,1.0145411170809455,132030,0.001,0.013,0.069
34,MS,Mississippi,Nov-20,2020-11-30,1.042597906422466,1.0408727431468114,132852,-0.001,0.012,0.067
34,MS,Mississippi,Dec-20,2020-12-31,1.0087381990699191,1.0078787231697215,133760,0.002,0.014,0.066
34,MS,Mississippi,Jan-21,2021-01-31,1.0069938982004312,0.980699545914728,134666,0.005,0.016,0.064
19,IA,Iowa,Feb-20,2020-02-29,2.059973686742833,2.0407638283452982,154563,0.003,0.021,0.028999999999999998
19,IA,Iowa,Mar-20,2020-03-31,1.3509439446534162,1.3500379987329336,154648,-0.005,0.01,0.028999999999999998
19,IA,Iowa,Apr-20,2020-04-30,0.7682325985707783,0.7689976452835195,154736,-0.011,-0.004,0.111
19,IA,Iowa,May-20,2020-05-31,1.0106613177158252,1.0103582419313648,155101,0.003,-0.004,0.083
19,IA,Iowa,Jun-20,2020-06-30,1.058594128510286,1.057091390784792,155486,0.008,0.004,0.071
19,IA,Iowa,Jul-20,2020-07-31,1.1123204090186931,1.1096697631710772,155987,0.005,0.007,0.061
19,IA,Iowa,Aug-20,2020-08-31,0.9962076014883344,0.9933002415100746,156418,0.004,0.011,0.053
19,IA,Iowa,Sep-20,2020-09-30,1.1221799291737868,1.119705633403569,156938,0.002,0.013,0.047
19,IA,Iowa,Oct-20,2020-10-31,0.9940084264889596,0.9903984689133356,157503,-0.001,0.01,0.042
19,IA,Iowa,Nov-20,2020-11-30,0.9854936743999374,0.9856971095662252,158343,-0.002,0.01,0.039
19,IA,Iowa,Dec-20,2020-12-31,0.9096030107023308,0.9062202570606877,159179,0.001,0.011,0.037000000000000005
19,IA,Iowa,Jan-21,2021-01-31,0.904466398949054,0.8920027061739215,160120,0.005,0.012,0.036000000000000004
32,MO,Missouri,Feb-20,2020-02-29,2.903623341870324,2.8841844359328497,166760,0.003,0.021,0.036000000000000004
32,MO,Missouri,Mar-20,2020-03-31,0.9737318125530198,0.9716689146727328,167576,-0.005,0.01,0.037000000000000005
32,MO,Missouri,Apr-20,2020-04-30,0.9252994479612278,0.9230516665308436,168333,-0.011,-0.004,0.125
32,MO,Missouri,May-20,2020-05-31,1.1365814598678354,1.1329819983150102,169098,0.003,-0.004,0.096
32,MO,Missouri,Jun-20,2020-06-30,1.1755458426311387,1.1754341241067636,170047,0.008,0.004,0.081
32,MO,Missouri,Jul-20,2020-07-31,0.9923473285890556,0.9941532599024692,171205,0.005,0.007,0.068
32,MO,Missouri,Aug-20,2020-08-31,1.0189436760956878,1.0170255787140603,172688,0.004,0.011,0.06
32,MO,Missouri,Sep-20,2020-09-30,1.1007374130988925,1.096819500909178,174266,0.002,0.013,0.054000000000000006
32,MO,Missouri,Oct-20,2020-10-31,1.0888390347695027,1.0889331746917503,175931,-0.001,0.01,0.05
32,MO,Missouri,Nov-20,2020-11-30,0.998515800540998,0.9987634193342004,177685,-0.002,0.01,0.047
32,MO,Missouri,Dec-20,2020-12-31,0.8916521621604737,0.8925664068202352,179488,0.001,0.011,0.044000000000000004
32,MO,Missouri,Jan-21,2021-01-31,0.872135527326431,0.8526256189432158,181219,0.005,0.012,0.043
6,AR,Arkansas,Mar-20,2020-03-31,1.1417528029750903,1.1367443111415538,133014,-0.001,0.011,0.039
6,AR,Arkansas,Apr-20,2020-04-30,1.1552755410991316,1.1546865098510468,133490,-0.008,-0.002,0.1
6,AR,Arkansas,May-20,2020-05-31,1.1330703605126322,1.1287916354668963,133964,-0.002,-0.004,0.085
6,AR,Arkansas,Jun-20,2020-06-30,1.0383034229267436,1.0379013290502337,134505,0.006,0.003,0.078
6,AR,Arkansas,Jul-20,2020-07-31,0.9323050965440332,0.9295049263660728,135135,0.006,0.006,0.071
6,AR,Arkansas,Aug-20,2020-08-31,1.0056758604905522,1.0014439009309977,135870,0.004,0.011,0.065
6,AR,Arkansas,Sep-20,2020-09-30,1.0694871796651264,1.0654742166644915,136647,0.002,0.013,0.059000000000000004
6,AR,Arkansas,Oct-20,2020-10-31,1.0536863961044285,1.0511714573173516,137506,0.001,0.013,0.055999999999999994
6,AR,Arkansas,Nov-20,2020-11-30,1.0659402703159244,1.064134142494907,138618,-0.001,0.012,0.053
6,AR,Arkansas,Dec-20,2020-12-31,0.928139435232648,0.9264533154130596,139767,0.002,0.014,0.049
6,AR,Arkansas,Jan-21,2021-01-31,0.9005167071007976,0.8794861813617403,141002,0.005,0.016,0.046
25,LA,Louisiana,Feb-20,2020-02-29,3.296661865345383,3.2734755681157046,172599,0.002,0.019,0.052000000000000005
25,LA,Louisiana,Mar-20,2020-03-31,0.7844702520508363,0.7847422194246975,172956,-0.001,0.011,0.053
25,LA,Louisiana,Apr-20,2020-04-30,0.9920638131814932,0.9897557009021428,173453,-0.008,-0.002,0.131
25,LA,Louisiana,May-20,2020-05-31,1.139136008759578,1.1363211466840604,173894,-0.002,-0.004,0.131
25,LA,Louisiana,Jun-20,2020-06-30,1.015167708841942,1.0150113399188765,174319,0.006,0.003,0.094
25,LA,Louisiana,Jul-20,2020-07-31,0.9065621913871804,0.902546633006052,174841,0.006,0.006,0.091
25,LA,Louisiana,Aug-20,2020-08-31,0.9336092284350356,0.9323256793628502,175578,0.004,0.011,0.08199999999999999
25,LA,Louisiana,Sep-20,2020-09-30,1.043422772980781,1.041137359556954,176428,0.002,0.013,0.08
25,LA,Louisiana,Oct-20,2020-10-31,1.133736108995186,1.1322750282164398,177354,0.001,0.013,0.079
25,LA,Louisiana,Nov-20,2020-11-30,1.0578402113102534,1.0557670488009414,178309,-0.001,0.012,0.079
25,LA,Louisiana,Dec-20,2020-12-31,0.9040141248717068,0.9035563663158478,179043,0.002,0.014,0.079
25,LA,Louisiana,Jan-21,2021-01-31,0.8738714301397222,0.8600123733546584,179812,0.005,0.016,0.076
37,ND,North Dakota,Mar-20,2020-03-31,1.0650334088442377,1.0640073279333149,233516,-0.005,0.01,0.023
37,ND,North Dakota,Apr-20,2020-04-30,1.0612737504949994,1.0601440523012633,233847,-0.011,-0.004,0.087
37,ND,North Dakota,May-20,2020-05-31,0.9381853757328726,0.9386405238276214,234170,0.003,-0.004,0.087
37,ND,North Dakota,Jun-20,2020-06-30,1.1486828723607452,1.147461340559068,234512,0.008,0.004,0.062
37,ND,North Dakota,Jul-20,2020-07-31,1.1537918926939448,1.15005947591973,234776,0.005,0.007,0.062
37,ND,North Dakota,Aug-20,2020-08-31,1.0980435836003395,1.0991357025992432,234988,0.004,0.011,0.061
37,ND,North Dakota,Sep-20,2020-09-30,1.1294179846245394,1.1283510431806234,235304,0.002,0.013,0.047
37,ND,North Dakota,Oct-20,2020-10-31,0.9832042537960504,0.9803306914202444,236017,-0.001,0.01,0.047
37,ND,North Dakota,Nov-20,2020-11-30,0.8813456824666385,0.8789601301498177,237196,-0.002,0.01,0.047
37,ND,North Dakota,Dec-20,2020-12-31,0.9809349700390037,0.981838816725964,238452,0.001,0.011,0.047
37,ND,North Dakota,Jan-21,2021-01-31,0.981780945540422,0.9684216780729694,239600,0.005,0.012,0.045
52,SD,South Dakota,Mar-20,2020-03-31,1.3893625176926412,1.3873948066294297,217508,-0.005,0.01,0.028999999999999998
52,SD,South Dakota,Apr-20,2020-04-30,0.8360978804335782,0.8359253335264138,218201,-0.011,-0.004,0.092
52,SD,South Dakota,May-20,2020-05-31,1.0934284777452423,1.0948640175722106,218704,0.003,-0.004,0.07
52,SD,South Dakota,Jun-20,2020-06-30,0.9720211306630028,0.9726061422064596,219300,0.008,0.004,0.061
52,SD,South Dakota,Jul-20,2020-07-31,1.1903506175966587,1.1892570832160672,219992,0.005,0.007,0.054000000000000006
52,SD,South Dakota,Aug-20,2020-08-31,1.0336803632922609,1.0349359102424105,221053,0.004,0.011,0.047
52,SD,South Dakota,Sep-20,2020-09-30,1.1502360801468108,1.1486444756842316,222235,0.002,0.013,0.04
52,SD,South Dakota,Oct-20,2020-10-31,0.959176970945538,0.9575803536162312,223583,-0.001,0.01,0.037000000000000005
52,SD,South Dakota,Nov-20,2020-11-30,0.9662554045484856,0.9653012834590722,225226,-0.002,0.01,0.036000000000000004
52,SD,South Dakota,Dec-20,2020-12-31,0.8840549781580803,0.8796030500772027,226882,0.001,0.011,0.033
52,SD,South Dakota,Jan-21,2021-01-31,0.8741191458977893,0.8574141183778972,228597,0.005,0.012,0.031
38,NE,Nebraska,Feb-20,2020-02-29,1.817066136935206,1.8000599606111147,180967,0.003,0.021,0.03
38,NE,Nebraska,Mar-20,2020-03-31,1.4929896451296374,1.4889707163371615,181709,-0.005,0.01,0.031
38,NE,Nebraska,Apr-20,2020-04-30,0.815877314771557,0.8143962552303019,182297,-0.011,-0.004,0.07400000000000001
38,NE,Nebraska,May-20,2020-05-31,0.9039973663260316,0.9024877010165762,182880,0.003,-0.004,0.054000000000000006
38,NE,Nebraska,Jun-20,2020-06-30,1.0694448326489108,1.068737985742774,183557,0.008,0.004,0.066
38,NE,Nebraska,Jul-20,2020-07-31,1.0216806578373918,1.0204383567593047,184418,0.005,0.007,0.044000000000000004
38,NE,Nebraska,Aug-20,2020-08-31,1.0490722479956032,1.045691033785097,185514,0.004,0.011,0.04
38,NE,Nebraska,Sep-20,2020-09-30,1.1456088883012208,1.1432990085884511,186809,0.002,0.013,0.038
38,NE,Nebraska,Oct-20,2020-10-31,1.042393852700232,1.039981179440275,188382,-0.001,0.01,0.036000000000000004
38,NE,Nebraska,Nov-20,2020-11-30,0.9766341343059292,0.973810729214015,190158,-0.002,0.01,0.034
38,NE,Nebraska,Dec-20,2020-12-31,0.8843324951525764,0.8825316727335089,191958,0.001,0.011,0.034
38,NE,Nebraska,Jan-21,2021-01-31,0.7925981318967498,0.7777996178694468,193687,0.005,0.012,0.032
23,KS,Kansas,Feb-20,2020-02-29,2.1679125674668835,2.1453833229837893,155746,0.003,0.021,0.032
23,KS,Kansas,Mar-20,2020-03-31,1.2869023697895237,1.2865509520545524,156385,-0.005,0.01,0.032
23,KS,Kansas,Apr-20,2020-04-30,0.8800291408307679,0.8791450091721036,157069,-0.011,-0.004,0.126
23,KS,Kansas,May-20,2020-05-31,1.1041270846293834,1.1038937890027465,157819,0.003,-0.004,0.09
23,KS,Kansas,Jun-20,2020-06-30,1.0608489112682595,1.0640708201690074,158564,0.008,0.004,0.07
23,KS,Kansas,Jul-20,2020-07-31,1.0413590536442408,1.039931389776958,159405,0.005,0.007,0.066
23,KS,Kansas,Aug-20,2020-08-31,1.0012260936265804,0.9966955186719628,160415,0.004,0.011,0.062
23,KS,Kansas,Sep-20,2020-09-30,1.1219174301854358,1.1225104413668898,161566,0.002,0.013,0.061
23,KS,Kansas,Oct-20,2020-10-31,1.0475257947578804,1.0470261961577991,162903,-0.001,0.01,0.047
23,KS,Kansas,Nov-20,2020-11-30,0.9703156614543764,0.9709005833667832,164485,-0.002,0.01,0.047
23,KS,Kansas,Dec-20,2020-12-31,0.9389755574646405,0.9358389772048136,166119,0.001,0.011,0.047
23,KS,Kansas,Jan-21,2021-01-31,0.9441658930777074,0.9248286009052892,167737,0.005,0.012,0.034
45,OK,Oklahoma,Feb-20,2020-02-29,2.038393936321492,2.0285449063887406,133099,0.002,0.019,0.031
45,OK,Oklahoma,Mar-20,2020-03-31,1.048906299055068,1.046167335647762,133790,-0.001,0.011,0.032
45,OK,Oklahoma,Apr-20,2020-04-30,0.9652047812142612,0.9653934671876792,134471,-0.008,-0.002,0.13
45,OK,Oklahoma,May-20,2020-05-31,1.2984569360086016,1.2918843204198092,135230,-0.002,-0.004,0.095
45,OK,Oklahoma,Jun-20,2020-06-30,1.0664554814116958,1.0658283433880018,135928,0.006,0.003,0.08199999999999999
45,OK,Oklahoma,Jul-20,2020-07-31,0.9660039781738512,0.9646036917116234,136614,0.006,0.006,0.07200000000000001
45,OK,Oklahoma,Aug-20,2020-08-31,0.9848789074516496,0.9821329531877006,137412,0.004,0.011,0.063
45,OK,Oklahoma,Sep-20,2020-09-30,1.0338475865550965,1.0314106310148263,138298,0.002,0.013,0.057
45,OK,Oklahoma,Oct-20,2020-10-31,1.0529101690831308,1.048097247603764,139221,0.001,0.013,0.052000000000000005
45,OK,Oklahoma,Nov-20,2020-11-30,1.0295500383356877,1.0258273058663632,140142,-0.001,0.012,0.048
45,OK,Oklahoma,Dec-20,2020-12-31,1.0036757072644265,0.9976224303901732,141140,0.002,0.014,0.045
45,OK,Oklahoma,Jan-21,2021-01-31,0.9994734829274136,0.9844947203233976,142112,0.005,0.016,0.044000000000000004
54,TX,Texas,Feb-20,2020-02-29,2.974966969030396,2.9586154172417785,210361,0.002,0.019,0.037000000000000005
54,TX,Texas,Mar-20,2020-03-31,1.1014048628132531,1.0991887093795405,211063,-0.001,0.011,0.049
54,TX,Texas,Apr-20,2020-04-30,0.934396236822984,0.9340148423077684,211715,-0.008,-0.002,0.129
54,TX,Texas,May-20,2020-05-31,1.1840154309021214,1.1815404100911884,212551,-0.002,-0.004,0.11599999999999999
54,TX,Texas,Jun-20,2020-06-30,1.121604098729674,1.1216256525548574,213439,0.006,0.003,0.102
54,TX,Texas,Jul-20,2020-07-31,0.9370598894169458,0.934212504000346,214495,0.006,0.006,0.09300000000000001
54,TX,Texas,Aug-20,2020-08-31,0.991184961435074,0.9902302212125332,215769,0.004,0.011,0.069
54,TX,Texas,Sep-20,2020-09-30,1.0089959477623929,1.009577386496442,217313,0.002,0.013,0.079
54,TX,Texas,Oct-20,2020-10-31,1.0072391568991983,1.0059193962340076,219232,0.001,0.013,0.073
54,TX,Texas,Nov-20,2020-11-30,1.0448853809609098,1.0451539336323856,221361,-0.001,0.012,0.07200000000000001
54,TX,Texas,Dec-20,2020-12-31,0.9348805179615884,0.9309188384280932,223631,0.002,0.014,0.069
54,TX,Texas,Jan-21,2021-01-31,0.937858034924154,0.9156055663068196,225752,0.005,0.016,0.068
41,NM,New Mexico,Feb-20,2020-02-29,1.9370076868421089,1.928905883906608,207386,0.004,0.031,0.053
41,NM,New Mexico,Mar-20,2020-03-31,1.2188424433031997,1.216422466503596,208494,-0.002,0.025,0.054000000000000006
41,NM,New Mexico,Apr-20,2020-04-30,0.9051123009498828,0.9017114173384808,209728,-0.004,0.013,0.1
41,NM,New Mexico,May-20,2020-05-31,1.0265578878401136,1.0258202877706135,211123,0.001,0.008,0.1
41,NM,New Mexico,Jun-20,2020-06-30,1.0079999945424212,1.0071094441299038,212430,0.004,0.012,0.098
41,NM,New Mexico,Jul-20,2020-07-31,0.9143803900456928,0.9129036889557792,214056,0.005,0.017,0.125
41,NM,New Mexico,Aug-20,2020-08-31,1.0694841159735646,1.070203135241672,215855,0.003,0.019,0.09300000000000001
41,NM,New Mexico,Sep-20,2020-09-30,1.1889243906218645,1.1883559656375229,217989,0.0,0.016,0.086
41,NM,New Mexico,Oct-20,2020-10-31,1.1406165286070176,1.1378268897627215,220390,0.002,0.012,0.085
41,NM,New Mexico,Nov-20,2020-11-30,0.9314986122019442,0.9288837655999947,223230,0.0,0.014,0.085
41,NM,New Mexico,Dec-20,2020-12-31,0.8631019658206103,0.8614617697288939,226057,-0.001,0.015,0.086
41,NM,New Mexico,Jan-21,2021-01-31,0.8415980894520609,0.8263133891579427,228990,0.002,0.014,0.087
10,CO,Colorado,Feb-20,2020-02-29,2.404842134942093,2.3957829369976844,410022,0.004,0.031,0.027999999999999997
10,CO,Colorado,Mar-20,2020-03-31,1.030346081767337,1.0299565489394844,411621,-0.002,0.025,0.047
10,CO,Colorado,Apr-20,2020-04-30,0.8737808294948585,0.8714720132259391,413300,-0.004,0.013,0.121
10,CO,Colorado,May-20,2020-05-31,0.9653320033830712,0.9659825376274392,415481,0.001,0.008,0.11599999999999999
10,CO,Colorado,Jun-20,2020-06-30,1.1020647790640716,1.1000168513397488,417556,0.004,0.012,0.113
10,CO,Colorado,Jul-20,2020-07-31,0.9030965362585291,0.9014796515216732,419973,0.005,0.017,0.07400000000000001
10,CO,Colorado,Aug-20,2020-08-31,1.0928341209883912,1.0910608316717063,422890,0.003,0.019,0.071
10,CO,Colorado,Sep-20,2020-09-30,1.201390733751931,1.199428322127622,426283,0.0,0.016,0.07
10,CO,Colorado,Oct-20,2020-10-31,1.0422355998487491,1.042023585937642,430285,0.002,0.012,0.069
10,CO,Colorado,Nov-20,2020-11-30,0.99548544977164,0.9937344012952816,434662,0.0,0.014,0.069
10,CO,Colorado,Dec-20,2020-12-31,0.92694794827978,0.9290409141520948,439257,-0.001,0.015,0.069
10,CO,Colorado,Jan-21,2021-01-31,0.924197700677824,0.9164432573932768,443927,0.002,0.014,0.066
62,WY,Wyoming,Mar-20,2020-03-31,0.9722446713214766,0.9673784951313036,253983,-0.002,0.025,0.051
62,WY,Wyoming,Apr-20,2020-04-30,0.9590311475031256,0.95657486579203,254251,-0.004,0.013,0.055
62,WY,Wyoming,May-20,2020-05-31,1.2145623291642589,1.2097475872394123,254579,0.001,0.008,0.085
62,WY,Wyoming,Jun-20,2020-06-30,1.078045778786374,1.074219799150298,255047,0.004,0.012,0.07400000000000001
62,WY,Wyoming,Jul-20,2020-07-31,0.9648967512592854,0.9614227942819566,255535,0.005,0.017,0.068
62,WY,Wyoming,Aug-20,2020-08-31,1.2316933425042982,1.225575317399303,256268,0.003,0.019,0.062
62,WY,Wyoming,Sep-20,2020-09-30,1.2237198067761914,1.2175950106548767,257003,0.0,0.016,0.057
62,WY,Wyoming,Oct-20,2020-10-31,1.063795091676517,1.0616097844961383,257947,0.002,0.012,0.054000000000000006
62,WY,Wyoming,Nov-20,2020-11-30,0.910387220096542,0.9087478276277444,259312,0.0,0.014,0.053
62,WY,Wyoming,Dec-20,2020-12-31,0.9623541336086188,0.9635391832381996,260643,-0.001,0.015,0.052000000000000005
62,WY,Wyoming,Jan-21,2021-01-31,0.9280957297946608,0.90793140741327,261890,0.002,0.014,0.051
35,MT,Montana,Mar-20,2020-03-31,0.6745102720251301,0.6738081438314677,296910,-0.002,0.025,0.038
35,MT,Montana,Apr-20,2020-04-30,1.0462193732159706,1.0399809893455667,297908,-0.004,0.013,0.11900000000000001
35,MT,Montana,May-20,2020-05-31,1.488070937406932,1.4825310583107052,299558,0.001,0.008,0.091
35,MT,Montana,Jun-20,2020-06-30,1.2188403954597118,1.2144994258934374,301037,0.004,0.012,0.076
35,MT,Montana,Jul-20,2020-07-31,0.9911393556497128,0.9887361480611914,303081,0.005,0.017,0.066
35,MT,Montana,Aug-20,2020-08-31,1.1265752658979893,1.1250953162979016,305232,0.003,0.019,0.057999999999999996
35,MT,Montana,Sep-20,2020-09-30,1.1561739704867404,1.1527730965598804,308071,0.0,0.016,0.052000000000000005
35,MT,Montana,Oct-20,2020-10-31,0.985539200374598,0.9845504652056568,311491,0.002,0.012,0.047
35,MT,Montana,Nov-20,2020-11-30,0.920223462877211,0.918213952437244,315337,0.0,0.014,0.045
35,MT,Montana,Dec-20,2020-12-31,0.8666627678056429,0.8649424772428976,319735,-0.001,0.015,0.042
35,MT,Montana,Jan-21,2021-01-31,0.8708645506574804,0.8661967266568034,323852,0.002,0.014,0.04
20,ID,Idaho,Mar-20,2020-03-31,0.8124793242321781,0.8114156759577307,299912,-0.002,0.025,0.027000000000000003
20,ID,Idaho,Apr-20,2020-04-30,1.0251362714038363,1.0228181907789002,302806,-0.004,0.013,0.11599999999999999
20,ID,Idaho,May-20,2020-05-31,1.2256044423635435,1.2234940007866784,305608,0.001,0.008,0.083
20,ID,Idaho,Jun-20,2020-06-30,1.1044503738920162,1.103213906141462,308918,0.004,0.012,0.07
20,ID,Idaho,Jul-20,2020-07-31,0.9411379252540564,0.9383843350490304,312347,0.005,0.017,0.059000000000000004
20,ID,Idaho,Aug-20,2020-08-31,1.0847099931809625,1.0830676316863137,316557,0.003,0.019,0.049
20,ID,Idaho,Sep-20,2020-09-30,1.0872808402834844,1.0827531593284463,321463,0.0,0.016,0.06
20,ID,Idaho,Oct-20,2020-10-31,1.0440932545537402,1.0427968607019595,327383,0.002,0.012,0.048
20,ID,Idaho,Nov-20,2020-11-30,1.021039180674864,1.021248875009717,334419,0.0,0.014,0.043
20,ID,Idaho,Dec-20,2020-12-31,0.8633255953286557,0.864466811196527,342294,-0.001,0.015,0.038
20,ID,Idaho,Jan-21,2021-01-31,0.8403369501717018,0.8321844945208547,350717,0.002,0.014,0.035
55,UT,Utah,Feb-20,2020-02-29,2.345015404875934,2.3264903713647205,355665,0.004,0.031,0.025
55,UT,Utah,Mar-20,2020-03-31,0.89457775693666,0.8928107806983083,358201,-0.002,0.025,0.025
55,UT,Utah,Apr-20,2020-04-30,1.085452923525417,1.0847587044458948,360228,-0.004,0.013,0.10099999999999999
55,UT,Utah,May-20,2020-05-31,1.073041133961278,1.070242908041717,363338,0.001,0.008,0.076
55,UT,Utah,Jun-20,2020-06-30,0.9793827473648762,0.9785730968008056,366455,0.004,0.012,0.063
55,UT,Utah,Jul-20,2020-07-31,0.9793548630072128,0.9769495846547618,369959,0.005,0.017,0.054000000000000006
55,UT,Utah,Aug-20,2020-08-31,1.1089371402183934,1.1081943764614872,373920,0.003,0.019,0.048
55,UT,Utah,Sep-20,2020-09-30,1.0341655753116623,1.0338053627900394,378476,0.0,0.016,0.042
55,UT,Utah,Oct-20,2020-10-31,1.0490896327369166,1.0470511338446604,383822,0.002,0.012,0.038
55,UT,Utah,Nov-20,2020-11-30,1.0208750177126855,1.0199503741186229,389388,0.0,0.014,0.035
55,UT,Utah,Dec-20,2020-12-31,0.9344882200871888,0.9350977797059428,395882,-0.001,0.015,0.033
55,UT,Utah,Jan-21,2021-01-31,0.9212501794932326,0.9162619041041662,401529,0.002,0.014,0.031
8,AZ,Arizona,Feb-20,2020-02-29,2.6665571485281965,2.6457511796133883,271808,0.004,0.031,0.049
8,AZ,Arizona,Mar-20,2020-03-31,1.0823523988048855,1.0793185764129127,274114,-0.002,0.025,0.05
8,AZ,Arizona,Apr-20,2020-04-30,1.0237779887762182,1.0219445509938532,277528,-0.004,0.013,0.142
8,AZ,Arizona,May-20,2020-05-31,1.224718133068321,1.222154594401769,280304,0.001,0.008,0.106
8,AZ,Arizona,Jun-20,2020-06-30,0.9495229703285516,0.9487449422616708,282919,0.004,0.012,0.107
8,AZ,Arizona,Jul-20,2020-07-31,0.835558703681182,0.8335312866014828,285676,0.005,0.017,0.10400000000000001
8,AZ,Arizona,Aug-20,2020-08-31,0.9804805625987574,0.9796935468467328,289192,0.003,0.019,0.07
8,AZ,Arizona,Sep-20,2020-09-30,1.112137650829623,1.1136865880323257,293384,0.0,0.016,0.069
8,AZ,Arizona,Oct-20,2020-10-31,1.13797413585876,1.1356310421016629,297926,0.002,0.012,0.068
8,AZ,Arizona,Nov-20,2020-11-30,1.0480811076876908,1.0440491649712813,302958,0.0,0.014,0.068
8,AZ,Arizona,Dec-20,2020-12-31,0.9897780745410504,0.9877669284187508,308132,-0.001,0.015,0.068
8,AZ,Arizona,Jan-21,2021-01-31,0.9609894821638189,0.9565604788995924,314038,0.002,0.014,0.067
59,WA,Washington,Jan-20,2020-01-31,1.5545450725010637,1.542580066307596,418508,0.003,0.029,0.04
59,WA,Washington,Feb-20,2020-02-29,2.068443479037431,2.064610630272902,422052,0.004,0.031,0.040999999999999995
59,WA,Washington,Mar-20,2020-03-31,0.8828355316807996,0.878868780440629,425612,-0.002,0.025,0.053
59,WA,Washington,Apr-20,2020-04-30,1.0022320222399252,1.00107682044319,429139,-0.004,0.013,0.163
59,WA,Washington,May-20,2020-05-31,1.1642259537501896,1.163096615074877,431989,0.001,0.008,0.125
59,WA,Washington,Jun-20,2020-06-30,1.0416751639047863,1.040332681236236,435031,0.004,0.012,0.10800000000000001
59,WA,Washington,Jul-20,2020-07-31,0.9129831965012672,0.9124961975319744,438713,0.005,0.017,0.10800000000000001
59,WA,Washington,Aug-20,2020-08-31,0.9993334083770468,0.9981771793309566,443959,0.003,0.019,0.091
59,WA,Washington,Sep-20,2020-09-30,1.097278310065017,1.0914619368641034,449495,0.0,0.016,0.08
59,WA,Washington,Oct-20,2020-10-31,1.1695747414168975,1.1680261296158316,455614,0.002,0.012,0.07
59,WA,Washington,Nov-20,2020-11-30,0.934715383044362,0.9344591224760214,461376,0.0,0.014,0.067
59,WA,Washington,Dec-20,2020-12-31,0.9713414098836914,0.9701398999811924,466865,-0.001,0.015,0.063
59,WA,Washington,Jan-21,2021-01-31,0.9192293461854673,0.9071297131075416,472028,0.002,0.014,0.06
46,OR,Oregon,Feb-20,2020-02-29,1.9189709695217267,1.91428184210892,369111,0.004,0.031,0.035
46,OR,Oregon,Mar-20,2020-03-31,0.9641003471606404,0.9618417368361296,371158,-0.002,0.025,0.036000000000000004
46,OR,Oregon,Apr-20,2020-04-30,0.9185950728091612,0.9183350421563504,373074,-0.004,0.013,0.132
46,OR,Oregon,May-20,2020-05-31,1.320767383142196,1.3207667918582895,375342,0.001,0.008,0.11699999999999999
46,OR,Oregon,Jun-20,2020-06-30,1.0764093502100305,1.0754047205815862,377299,0.004,0.012,0.10300000000000001
46,OR,Oregon,Jul-20,2020-07-31,0.9207640564295012,0.9198903146648868,379761,0.005,0.017,0.096
46,OR,Oregon,Aug-20,2020-08-31,1.055272290725109,1.052575233083528,382789,0.003,0.019,0.084
46,OR,Oregon,Sep-20,2020-09-30,1.0667050365809094,1.0643399173826005,386910,0.0,0.016,0.075
46,OR,Oregon,Oct-20,2020-10-31,1.2190362169321671,1.2190965702111027,391030,0.002,0.012,0.07
46,OR,Oregon,Nov-20,2020-11-30,0.948476619838868,0.9491777955878914,395599,0.0,0.014,0.066
46,OR,Oregon,Dec-20,2020-12-31,0.9184573442269334,0.9161118883706812,399899,-0.001,0.015,0.063
46,OR,Oregon,Jan-21,2021-01-31,0.8714020732352826,0.8573918331740399,404305,0.002,0.014,0.062
42,NV,Nevada,Feb-20,2020-02-29,2.317951497785474,2.296917468618626,309615,0.004,0.031,0.037000000000000005
42,NV,Nevada,Mar-20,2020-03-31,0.9466332255111612,0.9427182813933824,311709,-0.002,0.025,0.064
42,NV,Nevada,Apr-20,2020-04-30,0.8873269310090275,0.8853446381310903,313552,-0.004,0.013,0.295
42,NV,Nevada,May-20,2020-05-31,1.361115068862902,1.3609796573977275,314811,0.001,0.008,0.245
42,NV,Nevada,Jun-20,2020-06-30,1.0592874749772323,1.0542960488212012,315415,0.004,0.012,0.154
42,NV,Nevada,Jul-20,2020-07-31,0.9400091330156392,0.9391710546357884,316992,0.005,0.017,0.166
42,NV,Nevada,Aug-20,2020-08-31,1.0017508237477468,1.001223431653694,319856,0.003,0.019,0.145
42,NV,Nevada,Sep-20,2020-09-30,1.0925148047233335,1.089362137160382,323647,0.0,0.016,0.13
42,NV,Nevada,Oct-20,2020-10-31,1.1208969597696126,1.1202406472149284,326708,0.002,0.012,0.12
42,NV,Nevada,Nov-20,2020-11-30,0.9897106864538826,0.9857469016110166,329567,0.0,0.014,0.087
42,NV,Nevada,Dec-20,2020-12-31,0.950403118994328,0.9494371103070702,332267,-0.001,0.015,0.08199999999999999
42,NV,Nevada,Jan-21,2021-01-31,0.9383348453899188,0.9282494487453652,335184,0.002,0.014,0.085
9,CA,California,Feb-20,2020-02-29,2.5437536243210825,2.537658466498585,572737,0.004,0.031,0.043
9,CA,California,Mar-20,2020-03-31,1.0735880572056136,1.0713522469646142,576716,-0.002,0.025,0.045
9,CA,California,Apr-20,2020-04-30,1.0302157039961697,1.030399974469201,580068,-0.004,0.013,0.16
9,CA,California,May-20,2020-05-31,1.0656095773057843,1.064606308200439,582013,0.001,0.008,0.156
9,CA,California,Jun-20,2020-06-30,1.001744681379341,1.0012834995060858,583826,0.004,0.012,0.141
9,CA,California,Jul-20,2020-07-31,0.9618714761339016,0.9600619972555052,587595,0.005,0.017,0.132
9,CA,California,Aug-20,2020-08-31,0.9040722465287626,0.9013186612933872,593560,0.003,0.019,0.12300000000000001
9,CA,California,Sep-20,2020-09-30,1.0361600784612597,1.0352186882844965,600506,0.0,0.016,0.106
9,CA,California,Oct-20,2020-10-31,1.1595157673654486,1.1572928475301794,607419,0.002,0.012,0.098
9,CA,California,Nov-20,2020-11-30,1.0997750488585685,1.097408585897286,614392,0.0,0.014,0.087
9,CA,California,Dec-20,2020-12-31,0.8519225998897869,0.8507249088961508,621315,-0.001,0.015,0.09300000000000001
9,CA,California,Jan-21,2021-01-31,0.8093538617309073,0.8020714936760744,628079,0.002,0.014,0.09
3,AK,Alaska,Mar-20,2020-03-31,0.7748691930222352,0.7738798625028568,283698,-0.002,0.025,0.051
3,AK,Alaska,Apr-20,2020-04-30,1.0723808287127554,1.06926796130374,280924,-0.004,0.013,0.11800000000000001
3,AK,Alaska,May-20,2020-05-31,1.2479152746389517,1.245627014115987,279986,0.001,0.008,0.11599999999999999
3,AK,Alaska,Jun-20,2020-06-30,1.2565801518723994,1.255619800313906,279161,0.004,0.012,0.113
3,AK,Alaska,Jul-20,2020-07-31,0.9385510139957468,0.9365555179690936,279178,0.005,0.017,0.11
3,AK,Alaska,Aug-20,2020-08-31,1.094478318438575,1.0926999784915772,278691,0.003,0.019,0.07200000000000001
3,AK,Alaska,Sep-20,2020-09-30,1.2004647801635695,1.1997338749961104,278899,0.0,0.016,0.07
3,AK,Alaska,Oct-20,2020-10-31,1.1320176371633857,1.1291122682297203,281413,0.002,0.012,0.065
3,AK,Alaska,Nov-20,2020-11-30,0.8682755169304943,0.8660080099496406,283939,0.0,0.014,0.065
3,AK,Alaska,Dec-20,2020-12-31,0.8435034088779136,0.840881595174421,286748,-0.001,0.015,0.065
3,AK,Alaska,Jan-21,2021-01-31,0.8068085917823585,0.7983884019408732,287333,0.002,0.014,0.066
18,HI,Hawaii,Feb-20,2020-02-29,1.3469709309998006,1.34011035389418,654160,0.004,0.031,0.021
18,HI,Hawaii,Mar-20,2020-03-31,0.729452039453807,0.7259088467688117,654590,-0.002,0.025,0.021
18,HI,Hawaii,Apr-20,2020-04-30,0.8824207116773709,0.8793596049436265,656212,-0.004,0.013,0.21899999999999997
18,HI,Hawaii,May-20,2020-05-31,1.3964565504537592,1.394831527947129,658465,0.001,0.008,0.21899999999999997
18,HI,Hawaii,Jun-20,2020-06-30,1.1915939124851127,1.1856973549300382,660715,0.004,0.012,0.141
18,HI,Hawaii,Jul-20,2020-07-31,1.1383555321659165,1.1344947436967014,661758,0.005,0.017,0.141
18,HI,Hawaii,Aug-20,2020-08-31,0.9066572234593144,0.9042648865321626,662996,0.003,0.019,0.141
18,HI,Hawaii,Sep-20,2020-09-30,1.0361176471417035,1.0221176432687336,665647,0.0,0.016,0.14800000000000002
18,HI,Hawaii,Oct-20,2020-10-31,1.0612152778379556,1.0121973313521546,669306,0.002,0.012,0.10300000000000001
18,HI,Hawaii,Nov-20,2020-11-30,1.0866672087573093,1.0270570435171371,674269,0.0,0.014,0.10300000000000001
18,HI,Hawaii,Dec-20,2020-12-31,1.1136407546355624,1.0308097482011098,679433,-0.001,0.015,0.10300000000000001
18,HI,Hawaii,Jan-21,2021-01-31,1.1223148042574045,1.0312990918237586,684721,0.002,0.014,0.10300000000000001
