state,month,Rt_mean,Rt_median,Re_price,CPI_1mo,CPI_12mo,Ur_rate
Alabama,20-Apr,1.072537208,1.072543895,149271,-0.008,-0.002,0.132
Alaska,20-Apr,1.072380829,1.069267961,280924,-0.004,0.013,0.118
Arizona,20-Apr,1.023777989,1.021944551,277528,-0.004,0.013,0.142
Arkansas,20-Apr,1.155275541,1.15468651,133490,-0.008,-0.002,0.1
California,20-Apr,1.030215704,1.030399974,580068,-0.004,0.013,0.16
Colorado,20-Apr,0.873780829,0.871472013,413300,-0.004,0.013,0.121
Connecticut,20-Apr,0.774342567,0.773741386,261705,-0.004,0.008,0.086
Delaware,20-Apr,0.766031551,0.764909766,261135,-0.008,-0.002,0.134
District of Columbia,20-Apr,0.886346757,0.882817852,655735,-0.008,-0.002,0.111
Florida,20-Apr,0.922490647,0.919873607,252550,-0.008,-0.002,0.14
Georgia,20-Apr,0.894960145,0.889970406,210062,-0.008,-0.002,0.125
Hawaii,20-Apr,0.882420712,0.879359605,656212,-0.004,0.013,0.219
Idaho,20-Apr,1.025136271,1.022818191,302806,-0.004,0.013,0.116
Illinois,20-Apr,0.844827628,0.842822206,209374,-0.011,-0.004,0.165
Indiana,20-Apr,0.840316748,0.841358359,160616,-0.011,-0.004,0.169
Iowa,20-Apr,0.768232599,0.768997645,154736,-0.011,-0.004,0.111
Kansas,20-Apr,0.880029141,0.879145009,157069,-0.011,-0.004,0.126
Kentucky,20-Apr,1.00638467,1.009816025,151473,-0.008,-0.002,0.169
Louisiana,20-Apr,0.992063813,0.989755701,173453,-0.008,-0.002,0.131
Maine,20-Apr,1.069958278,1.067869686,252441,-0.004,0.008,0.091
Maryland,20-Apr,0.874426631,0.875509681,317390,-0.008,-0.002,0.09
Massachusetts,20-Apr,0.874272997,0.873416116,436226,-0.004,0.008,0.164
Michigan,20-Apr,0.808966592,0.80639423,179366,-0.011,-0.004,0.236
Minnesota,20-Apr,0.868069488,0.865847672,265813,-0.011,-0.004,0.09
Mississippi,20-Apr,0.992871173,0.992644659,129040,-0.008,-0.002,0.157
Missouri,20-Apr,0.925299448,0.923051667,168333,-0.011,-0.004,0.125
Montana,20-Apr,1.046219373,1.039980989,297908,-0.004,0.013,0.119
Nebraska,20-Apr,0.815877315,0.814396255,182297,-0.011,-0.004,0.074
Nevada,20-Apr,0.887326931,0.885344638,313552,-0.004,0.013,0.295
New Hampshire,20-Apr,0.933815657,0.93278722,302772,-0.004,0.008,0.16
New Jersey,20-Apr,0.763620606,0.761826526,345910,-0.004,0.008,0.166
New Mexico,20-Apr,0.905112301,0.901711417,209728,-0.004,0.013,0.1
New York,20-Apr,0.726781548,0.726037467,328210,-0.004,0.008,0.162
North Carolina,20-Apr,1.140880026,1.138045653,211695,-0.008,-0.002,0.135
North Dakota,20-Apr,1.06127375,1.060144052,233847,-0.011,-0.004,0.087
Ohio,20-Apr,0.949538657,0.946946914,155200,-0.011,-0.004,0.164
Oklahoma,20-Apr,0.965204781,0.965393467,134471,-0.008,-0.002,0.13
Oregon,20-Apr,0.918595073,0.918335042,373074,-0.004,0.013,0.132
Pennsylvania,20-Apr,0.813687467,0.81255034,199332,-0.004,0.008,0.162
Rhode Island,20-Apr,0.82312253,0.822503962,308416,-0.004,0.008,0.174
South Carolina,20-Apr,1.002881339,1.001308541,195347,-0.008,-0.002,0.115
South Dakota,20-Apr,0.83609788,0.835925334,218201,-0.011,-0.004,0.092
Tennessee,20-Apr,0.974106903,0.972239677,194207,-0.008,-0.002,0.158
Texas,20-Apr,0.934396237,0.934014842,211715,-0.008,-0.002,0.129
Utah,20-Apr,1.085452924,1.084758704,360228,-0.004,0.013,0.101
Vermont,20-Apr,0.818194487,0.816562413,261212,-0.004,0.008,0.148
Virginia,20-Apr,0.974493317,0.973215532,290218,-0.008,-0.002,0.113
Washington,20-Apr,1.002232022,1.00107682,429139,-0.004,0.013,0.163
West Virginia,20-Apr,1.025608181,1.02477574,108244,-0.008,-0.002,0.156
Wisconsin,20-Apr,1.076110457,1.075888047,198718,-0.011,-0.004,0.148
Wyoming,20-Apr,0.959031148,0.956574866,254251,-0.004,0.013,0.055
Alabama,20-Aug,0.949108011,0.948909428,153006,0.004,0.011,0.071
Alaska,20-Aug,1.094478318,1.092699978,278691,0.003,0.019,0.072
Arizona,20-Aug,0.980480563,0.979693547,289192,0.003,0.019,0.07
Arkansas,20-Aug,1.00567586,1.001443901,135870,0.004,0.011,0.065
California,20-Aug,0.904072247,0.901318661,593560,0.003,0.019,0.123
Colorado,20-Aug,1.092834121,1.091060832,422890,0.003,0.019,0.071
Connecticut,20-Aug,1.072374503,1.066135419,269422,0.001,0.011,0.084
Delaware,20-Aug,1.099018292,1.093548112,269517,0.004,0.011,0.079
District of Columbia,20-Aug,0.954106481,0.952075642,658418,0.004,0.011,0.088
Florida,20-Aug,0.963092674,0.962034808,258191,0.004,0.011,0.079
Georgia,20-Aug,0.918450783,0.918617353,215126,0.004,0.011,0.07
Hawaii,20-Aug,0.906657223,0.904264887,662996,0.003,0.019,0.141
Idaho,20-Aug,1.084709993,1.083067632,316557,0.003,0.019,0.049
Illinois,20-Aug,0.941974606,0.940776229,212431,0.004,0.011,0.111
Indiana,20-Aug,1.032329676,1.029798102,164610,0.004,0.011,0.073
Iowa,20-Aug,0.996207601,0.993300242,156418,0.004,0.011,0.053
Kansas,20-Aug,1.001226094,0.996695519,160415,0.004,0.011,0.062
Kentucky,20-Aug,1.001623877,0.998560133,154354,0.004,0.011,0.055
Louisiana,20-Aug,0.933609228,0.932325679,175578,0.004,0.011,0.082
Maine,20-Aug,0.969476075,0.966450713,259742,0.001,0.011,0.052
Maryland,20-Aug,0.9848298,0.98580369,324481,0.004,0.011,0.086
Massachusetts,20-Aug,1.152288531,1.148811373,447370,0.001,0.011,0.093
Michigan,20-Aug,1.003077969,1.001438179,183244,0.004,0.011,0.085
Minnesota,20-Aug,0.985658427,0.983932428,271243,0.004,0.011,0.066
Mississippi,20-Aug,0.921691206,0.919465624,130713,0.004,0.011,0.078
Missouri,20-Aug,1.018943676,1.017025579,172688,0.004,0.011,0.06
Montana,20-Aug,1.126575266,1.125095316,305232,0.003,0.019,0.058
Nebraska,20-Aug,1.049072248,1.045691034,185514,0.004,0.011,0.04
Nevada,20-Aug,1.001750824,1.001223432,319856,0.003,0.019,0.145
New Hampshire,20-Aug,1.115951069,1.112855877,311294,0.001,0.011,0.066
New Jersey,20-Aug,1.072253181,1.072337872,354533,0.001,0.011,0.11
New Mexico,20-Aug,1.069484116,1.070203135,215855,0.003,0.019,0.093
New York,20-Aug,1.051183626,1.049841491,334552,0.001,0.011,0.117
North Carolina,20-Aug,1.014368692,1.013984683,217180,0.004,0.011,0.068
North Dakota,20-Aug,1.098043584,1.099135703,234988,0.004,0.011,0.061
Ohio,20-Aug,0.913048482,0.912542716,159608,0.004,0.011,0.09
Oklahoma,20-Aug,0.984878907,0.982132953,137412,0.004,0.011,0.063
Oregon,20-Aug,1.055272291,1.052575233,382789,0.003,0.019,0.084
Pennsylvania,20-Aug,1.014491888,1.012888394,204330,0.001,0.011,0.102
Rhode Island,20-Aug,1.105751797,1.105942132,317064,0.001,0.011,0.126
South Carolina,20-Aug,0.885979482,0.884381888,199940,0.004,0.011,0.054
South Dakota,20-Aug,1.033680363,1.03493591,221053,0.004,0.011,0.047
Tennessee,20-Aug,0.956248142,0.955170435,199825,0.004,0.011,0.081
Texas,20-Aug,0.991184961,0.990230221,215769,0.004,0.011,0.069
Utah,20-Aug,1.10893714,1.108194376,373920,0.003,0.019,0.048
Vermont,20-Aug,1.097411119,1.091401853,265434,0.001,0.011,0.054
Virginia,20-Aug,0.928618227,0.925745917,296441,0.004,0.011,0.07
Washington,20-Aug,0.999333408,0.998177179,443959,0.003,0.019,0.091
West Virginia,20-Aug,1.022054594,1.021868253,109497,0.004,0.011,0.085
Wisconsin,20-Aug,1.243471913,1.239716121,204070,0.004,0.011,0.061
Wyoming,20-Aug,1.231693343,1.225575317,256268,0.003,0.019,0.062
Alabama,20-Dec,0.925874031,0.925748004,158427,0.002,0.014,0.047
Alaska,20-Dec,0.843503409,0.840881595,286748,-0.001,0.015,0.065
Arizona,20-Dec,0.989778075,0.987766928,308132,-0.001,0.015,0.068
Arkansas,20-Dec,0.928139435,0.926453315,139767,0.002,0.014,0.049
California,20-Dec,0.8519226,0.850724909,621315,-0.001,0.015,0.093
Colorado,20-Dec,0.926947948,0.929040914,439257,-0.001,0.015,0.069
Connecticut,20-Dec,0.969218839,0.962641467,284967,0.002,0.014,0.082
Delaware,20-Dec,0.979511513,0.978282275,280215,0.002,0.014,0.059
District of Columbia,20-Dec,0.942269535,0.938336169,670577,0.002,0.014,0.088
Florida,20-Dec,0.964207083,0.960280653,267604,0.002,0.014,0.051
Georgia,20-Dec,0.881964382,0.878704827,223526,0.002,0.014,0.053
Hawaii,20-Dec,1.113640755,1.030809748,679433,-0.001,0.015,0.103
Idaho,20-Dec,0.863325595,0.864466811,342294,-0.001,0.015,0.038
Illinois,20-Dec,0.857897757,0.855869572,219688,0.001,0.011,0.08
Indiana,20-Dec,0.879046026,0.876787555,171040,0.001,0.011,0.046
Iowa,20-Dec,0.909603011,0.906220257,159179,0.001,0.011,0.037
Kansas,20-Dec,0.938975557,0.935838977,166119,0.001,0.011,0.047
Kentucky,20-Dec,0.979596621,0.97802353,159644,0.002,0.014,0.056
Louisiana,20-Dec,0.904014125,0.903556366,179043,0.002,0.014,0.079
Maine,20-Dec,0.967161975,0.966688988,272995,0.002,0.014,0.05
Maryland,20-Dec,0.96405895,0.963041885,338230,0.002,0.014,0.068
Massachusetts,20-Dec,0.94119408,0.941033313,469558,0.002,0.014,0.084
Michigan,20-Dec,0.917687913,0.91381585,191730,0.001,0.011,0.082
Minnesota,20-Dec,0.921463624,0.918271914,280416,0.001,0.011,0.047
Mississippi,20-Dec,1.008738199,1.007878723,133760,0.002,0.014,0.066
Missouri,20-Dec,0.891652162,0.892566407,179488,0.001,0.011,0.044
Montana,20-Dec,0.866662768,0.864942477,319735,-0.001,0.015,0.042
Nebraska,20-Dec,0.884332495,0.882531673,191958,0.001,0.011,0.034
Nevada,20-Dec,0.950403119,0.94943711,332267,-0.001,0.015,0.082
New Hampshire,20-Dec,0.964384694,0.962623777,328724,0.002,0.014,0.038
New Jersey,20-Dec,0.957499946,0.953448039,372788,0.002,0.014,0.077
New Mexico,20-Dec,0.863101966,0.86146177,226057,-0.001,0.015,0.086
New York,20-Dec,0.926561431,0.92686367,346770,0.002,0.014,0.087
North Carolina,20-Dec,0.925875236,0.925160757,225550,0.002,0.014,0.061
North Dakota,20-Dec,0.98093497,0.981838817,238452,0.001,0.011,0.047
Ohio,20-Dec,0.890805045,0.889259375,166639,0.001,0.011,0.056
Oklahoma,20-Dec,1.003675707,0.99762243,141140,0.002,0.014,0.045
Oregon,20-Dec,0.918457344,0.916111888,399899,-0.001,0.015,0.063
Pennsylvania,20-Dec,0.892243732,0.890125789,213058,0.002,0.014,0.071
Rhode Island,20-Dec,0.925509437,0.923086169,334345,0.002,0.014,0.079
South Carolina,20-Dec,0.903471194,0.900074958,206684,0.002,0.014,0.056
South Dakota,20-Dec,0.884054978,0.87960305,226882,0.001,0.011,0.033
Tennessee,20-Dec,0.8713249,0.86847546,207597,0.002,0.014,0.056
Texas,20-Dec,0.934880518,0.930918838,223631,0.002,0.014,0.069
Utah,20-Dec,0.93448822,0.93509778,395882,-0.001,0.015,0.033
Vermont,20-Dec,1.093592907,1.093393183,273542,0.002,0.014,0.035
Virginia,20-Dec,1.034145338,1.029290116,306131,0.002,0.014,0.056
Washington,20-Dec,0.97134141,0.9701399,466865,-0.001,0.015,0.063
West Virginia,20-Dec,0.889254794,0.888958861,112097,0.002,0.014,0.067
Wisconsin,20-Dec,0.8823409,0.880508192,212212,0.001,0.011,0.04
Wyoming,20-Dec,0.962354134,0.963539183,260643,-0.001,0.015,0.052
Alabama,20-Feb,0.0,0.0,0,0.0,0.0,0.0
Alaska,20-Feb,0.0,0.0,0,0.0,0.0,0.0
Arizona,20-Feb,2.666557149,2.64575118,271808,0.004,0.031,0.049
Arkansas,20-Feb,0.0,0.0,0,0.0,0.0,0.0
California,20-Feb,2.543753624,2.537658466,572737,0.004,0.031,0.043
Colorado,20-Feb,2.404842135,2.395782937,410022,0.004,0.031,0.028
Connecticut,20-Feb,3.059434431,3.025743009,259980,0.003,0.024,0.037
Delaware,20-Feb,0.0,0.0,0,0.0,0.0,0.0
District of Columbia,20-Feb,2.292508604,2.274184318,652783,0.002,0.019,0.05
Florida,20-Feb,3.480920568,3.469027369,249941,0.002,0.019,0.033
Georgia,20-Feb,2.939400764,2.934089284,208047,0.002,0.019,0.035
Hawaii,20-Feb,1.346970931,1.340110354,654160,0.004,0.031,0.021
Idaho,20-Feb,0.0,0.0,0,0.0,0.0,0.0
Illinois,20-Feb,3.703260484,3.682756951,208580,0.003,0.021,0.036
Indiana,20-Feb,3.389733936,3.370306876,158961,0.003,0.021,0.032
Iowa,20-Feb,2.059973687,2.040763828,154563,0.003,0.021,0.029
Kansas,20-Feb,2.167912567,2.145383323,155746,0.003,0.021,0.032
Kentucky,20-Feb,2.224364842,2.2163023,150366,0.002,0.019,0.042
Louisiana,20-Feb,3.296661865,3.273475568,172599,0.002,0.019,0.052
Maine,20-Feb,0.0,0.0,0,0.0,0.0,0.0
Maryland,20-Feb,2.916288401,2.89722731,315404,0.002,0.019,0.035
Massachusetts,20-Feb,0.0,0.0,0,0.0,0.0,0.0
Michigan,20-Feb,2.317413131,2.314780782,177264,0.003,0.021,0.037
Minnesota,20-Feb,1.535342125,1.524205601,263360,0.003,0.021,0.033
Mississippi,20-Feb,0.0,0.0,0,0.0,0.0,0.0
Missouri,20-Feb,2.903623342,2.884184436,166760,0.003,0.021,0.036
Montana,20-Feb,0.0,0.0,0,0.0,0.0,0.0
Nebraska,20-Feb,1.817066137,1.800059961,180967,0.003,0.021,0.03
Nevada,20-Feb,2.317951498,2.296917469,309615,0.004,0.031,0.037
New Hampshire,20-Feb,1.767439732,1.741404623,298335,0.003,0.024,0.026
New Jersey,20-Feb,4.118374833,4.086021576,342744,0.003,0.024,0.037
New Mexico,20-Feb,1.937007687,1.928905884,207386,0.004,0.031,0.053
New York,20-Feb,5.110778569,5.097099383,326033,0.003,0.024,0.039
North Carolina,20-Feb,2.510214785,2.500233952,209650,0.002,0.019,0.036
North Dakota,20-Feb,0.0,0.0,0,0.0,0.0,0.0
Ohio,20-Feb,2.845082671,2.836841549,153569,0.003,0.021,0.047
Oklahoma,20-Feb,2.038393936,2.028544906,133099,0.002,0.019,0.031
Oregon,20-Feb,1.91897097,1.914281842,369111,0.004,0.031,0.035
Pennsylvania,20-Feb,3.286857899,3.280121633,197405,0.003,0.024,0.05
Rhode Island,20-Feb,2.505181534,2.511698902,304888,0.003,0.024,0.04
South Carolina,20-Feb,2.492198885,2.470712063,193831,0.002,0.019,0.028
South Dakota,20-Feb,0.0,0.0,0,0.0,0.0,0.0
Tennessee,20-Feb,2.652854789,2.649236961,191585,0.002,0.019,0.039
Texas,20-Feb,2.974966969,2.958615417,210361,0.002,0.019,0.037
Utah,20-Feb,2.345015405,2.326490371,355665,0.004,0.031,0.025
Vermont,20-Feb,0.0,0.0,0,0.0,0.0,0.0
Virginia,20-Feb,2.392926197,2.37598553,287982,0.002,0.019,0.025
Washington,20-Feb,2.068443479,2.06461063,422052,0.004,0.031,0.041
West Virginia,20-Feb,0.0,0.0,0,0.0,0.0,0.0
Wisconsin,20-Feb,2.273597898,2.26205215,196911,0.003,0.021,0.033
Wyoming,20-Feb,0.0,0.0,0,0.0,0.0,0.0
Alabama,20-Jan,0.0,0.0,0,0.0,0.0,0.0
Alaska,20-Jan,0.0,0.0,0,0.0,0.0,0.0
Arizona,20-Jan,0.0,0.0,0,0.0,0.0,0.0
Arkansas,20-Jan,0.0,0.0,0,0.0,0.0,0.0
California,20-Jan,0.0,0.0,0,0.0,0.0,0.0
Colorado,20-Jan,0.0,0.0,0,0.0,0.0,0.0
Connecticut,20-Jan,0.0,0.0,0,0.0,0.0,0.0
Delaware,20-Jan,0.0,0.0,0,0.0,0.0,0.0
District of Columbia,20-Jan,0.0,0.0,0,0.0,0.0,0.0
Florida,20-Jan,0.0,0.0,0,0.0,0.0,0.0
Georgia,20-Jan,0.0,0.0,0,0.0,0.0,0.0
Hawaii,20-Jan,0.0,0.0,0,0.0,0.0,0.0
Idaho,20-Jan,0.0,0.0,0,0.0,0.0,0.0
Illinois,20-Jan,0.0,0.0,0,0.0,0.0,0.0
Indiana,20-Jan,0.0,0.0,0,0.0,0.0,0.0
Iowa,20-Jan,0.0,0.0,0,0.0,0.0,0.0
Kansas,20-Jan,0.0,0.0,0,0.0,0.0,0.0
Kentucky,20-Jan,0.0,0.0,0,0.0,0.0,0.0
Louisiana,20-Jan,0.0,0.0,0,0.0,0.0,0.0
Maine,20-Jan,0.0,0.0,0,0.0,0.0,0.0
Maryland,20-Jan,0.0,0.0,0,0.0,0.0,0.0
Massachusetts,20-Jan,0.0,0.0,0,0.0,0.0,0.0
Michigan,20-Jan,0.0,0.0,0,0.0,0.0,0.0
Minnesota,20-Jan,0.0,0.0,0,0.0,0.0,0.0
Mississippi,20-Jan,0.0,0.0,0,0.0,0.0,0.0
Missouri,20-Jan,0.0,0.0,0,0.0,0.0,0.0
Montana,20-Jan,0.0,0.0,0,0.0,0.0,0.0
Nebraska,20-Jan,0.0,0.0,0,0.0,0.0,0.0
Nevada,20-Jan,0.0,0.0,0,0.0,0.0,0.0
New Hampshire,20-Jan,0.0,0.0,0,0.0,0.0,0.0
New Jersey,20-Jan,0.0,0.0,0,0.0,0.0,0.0
New Mexico,20-Jan,0.0,0.0,0,0.0,0.0,0.0
New York,20-Jan,0.0,0.0,0,0.0,0.0,0.0
North Carolina,20-Jan,0.0,0.0,0,0.0,0.0,0.0
North Dakota,20-Jan,0.0,0.0,0,0.0,0.0,0.0
Ohio,20-Jan,0.0,0.0,0,0.0,0.0,0.0
Oklahoma,20-Jan,0.0,0.0,0,0.0,0.0,0.0
Oregon,20-Jan,0.0,0.0,0,0.0,0.0,0.0
Pennsylvania,20-Jan,0.0,0.0,0,0.0,0.0,0.0
Rhode Island,20-Jan,0.0,0.0,0,0.0,0.0,0.0
South Carolina,20-Jan,0.0,0.0,0,0.0,0.0,0.0
South Dakota,20-Jan,0.0,0.0,0,0.0,0.0,0.0
Tennessee,20-Jan,0.0,0.0,0,0.0,0.0,0.0
Texas,20-Jan,0.0,0.0,0,0.0,0.0,0.0
Utah,20-Jan,0.0,0.0,0,0.0,0.0,0.0
Vermont,20-Jan,0.0,0.0,0,0.0,0.0,0.0
Virginia,20-Jan,0.0,0.0,0,0.0,0.0,0.0
Washington,20-Jan,1.554545073,1.542580066,418508,0.003,0.029,0.04
West Virginia,20-Jan,0.0,0.0,0,0.0,0.0,0.0
Wisconsin,20-Jan,0.0,0.0,0,0.0,0.0,0.0
Wyoming,20-Jan,0.0,0.0,0,0.0,0.0,0.0
Alabama,20-Jul,0.924353029,0.920094271,151939,0.006,0.006,0.074
Alaska,20-Jul,0.938551014,0.936555518,279178,0.005,0.017,0.11
Arizona,20-Jul,0.835558704,0.833531287,285676,0.005,0.017,0.104
Arkansas,20-Jul,0.932305097,0.929504926,135135,0.006,0.006,0.071
California,20-Jul,0.961871476,0.960061997,587595,0.005,0.017,0.132
Colorado,20-Jul,0.903096536,0.901479652,419973,0.005,0.017,0.074
Connecticut,20-Jul,1.014207271,1.007929225,266552,0.004,0.011,0.113
Delaware,20-Jul,0.957031614,0.955315054,267436,0.006,0.006,0.083
District of Columbia,20-Jul,0.944623312,0.942997288,655687,0.006,0.006,0.089
Florida,20-Jul,0.922809803,0.920818478,256402,0.006,0.006,0.115
Georgia,20-Jul,0.955288671,0.954289005,213632,0.006,0.006,0.076
Hawaii,20-Jul,1.138355532,1.134494744,661758,0.005,0.017,0.141
Idaho,20-Jul,0.941137925,0.938384335,312347,0.005,0.017,0.059
Illinois,20-Jul,1.016174349,1.015524476,211215,0.005,0.007,0.12
Indiana,20-Jul,0.995620371,0.991417937,163455,0.005,0.007,0.086
Iowa,20-Jul,1.112320409,1.109669763,155987,0.005,0.007,0.061
Kansas,20-Jul,1.041359054,1.03993139,159405,0.005,0.007,0.066
Kentucky,20-Jul,1.00993696,1.011525148,153365,0.006,0.006,0.056
Louisiana,20-Jul,0.906562191,0.902546633,174841,0.006,0.006,0.091
Maine,20-Jul,1.042730981,1.03902361,257305,0.004,0.011,0.088
Maryland,20-Jul,0.930773984,0.9294197,321952,0.006,0.006,0.087
Massachusetts,20-Jul,0.881874012,0.879322066,443182,0.004,0.011,0.098
Michigan,20-Jul,1.010658114,1.007716724,181631,0.005,0.007,0.09
Minnesota,20-Jul,1.077990993,1.075933241,269470,0.005,0.007,0.076
Mississippi,20-Jul,0.89555173,0.891718092,130223,0.006,0.006,0.085
Missouri,20-Jul,0.992347329,0.99415326,171205,0.005,0.007,0.068
Montana,20-Jul,0.991139356,0.988736148,303081,0.005,0.017,0.066
Nebraska,20-Jul,1.021680658,1.020438357,184418,0.005,0.007,0.044
Nevada,20-Jul,0.940009133,0.939171055,316992,0.005,0.017,0.166
New Hampshire,20-Jul,0.938055936,0.936819428,308064,0.004,0.011,0.081
New Jersey,20-Jul,0.991568793,0.989842791,351188,0.004,0.011,0.131
New Mexico,20-Jul,0.91438039,0.912903689,214056,0.005,0.017,0.125
New York,20-Jul,0.944001354,0.944396688,332375,0.004,0.011,0.147
North Carolina,20-Jul,0.996480543,0.995236315,215560,0.006,0.006,0.088
North Dakota,20-Jul,1.153791893,1.150059476,234776,0.005,0.007,0.062
Ohio,20-Jul,0.943865782,0.943635901,158215,0.005,0.007,0.093
Oklahoma,20-Jul,0.966003978,0.964603692,136614,0.006,0.006,0.072
Oregon,20-Jul,0.920764056,0.919890315,379761,0.005,0.017,0.096
Pennsylvania,20-Jul,0.966756079,0.963831144,202598,0.004,0.011,0.13
Rhode Island,20-Jul,0.900219008,0.899531892,314151,0.004,0.011,0.14
South Carolina,20-Jul,0.940648048,0.939545355,198686,0.006,0.006,0.076
South Dakota,20-Jul,1.190350618,1.189257083,219992,0.005,0.007,0.054
Tennessee,20-Jul,0.926060603,0.924774968,198279,0.006,0.006,0.089
Texas,20-Jul,0.937059889,0.934212504,214495,0.006,0.006,0.093
Utah,20-Jul,0.979354863,0.976949585,369959,0.005,0.017,0.054
Vermont,20-Jul,0.950627099,0.946596066,264425,0.004,0.011,0.064
Virginia,20-Jul,0.965564072,0.964153568,294675,0.006,0.006,0.079
Washington,20-Jul,0.912983197,0.912496198,438713,0.005,0.017,0.108
West Virginia,20-Jul,0.974156927,0.974202795,109166,0.006,0.006,0.094
Wisconsin,20-Jul,0.985828909,0.982871443,202419,0.005,0.007,0.072
Wyoming,20-Jul,0.964896751,0.961422794,255535,0.005,0.017,0.068
Alabama,20-Jun,1.072882568,1.068653149,151059,0.006,0.003,0.077
Alaska,20-Jun,1.256580152,1.2556198,279161,0.004,0.012,0.113
Arizona,20-Jun,0.94952297,0.948744942,282919,0.004,0.012,0.107
Arkansas,20-Jun,1.038303423,1.037901329,134505,0.006,0.003,0.078
California,20-Jun,1.001744681,1.0012835,583826,0.004,0.012,0.141
Colorado,20-Jun,1.102064779,1.100016851,417556,0.004,0.012,0.113
Connecticut,20-Jun,1.118280115,1.116274998,264343,0.003,0.008,0.114
Delaware,20-Jun,0.986004531,0.985118344,265194,0.006,0.003,0.129
District of Columbia,20-Jun,1.098360432,1.097166293,655010,0.006,0.003,0.089
Florida,20-Jun,0.983648891,0.980548082,255100,0.006,0.003,0.116
Georgia,20-Jun,1.005011856,1.003625558,212288,0.006,0.003,0.084
Hawaii,20-Jun,1.191593912,1.185697355,660715,0.004,0.012,0.141
Idaho,20-Jun,1.104450374,1.103213906,308918,0.004,0.012,0.07
Illinois,20-Jun,1.094728177,1.094387615,210319,0.008,0.004,0.142
Indiana,20-Jun,1.081699917,1.079949807,162419,0.008,0.004,0.101
Iowa,20-Jun,1.058594129,1.057091391,155486,0.008,0.004,0.071
Kansas,20-Jun,1.060848911,1.06407082,158564,0.008,0.004,0.07
Kentucky,20-Jun,1.167748557,1.168358197,152677,0.006,0.003,0.057
Louisiana,20-Jun,1.015167709,1.01501134,174319,0.006,0.003,0.094
Maine,20-Jun,0.922168738,0.921079338,255653,0.003,0.008,0.053
Maryland,20-Jun,1.067710345,1.070834881,319934,0.006,0.003,0.086
Massachusetts,20-Jun,1.058850167,1.058232103,440195,0.003,0.008,0.148
Michigan,20-Jun,1.043232758,1.042967038,180710,0.008,0.004,0.141
Minnesota,20-Jun,1.056903495,1.054435129,268105,0.008,0.004,0.089
Mississippi,20-Jun,1.118344712,1.117196416,129720,0.006,0.003,0.096
Missouri,20-Jun,1.175545843,1.175434124,170047,0.008,0.004,0.081
Montana,20-Jun,1.218840395,1.214499426,301037,0.004,0.012,0.076
Nebraska,20-Jun,1.069444833,1.068737986,183557,0.008,0.004,0.066
Nevada,20-Jun,1.059287475,1.054296049,315415,0.004,0.012,0.154
New Hampshire,20-Jun,1.026986749,1.023478976,305927,0.003,0.008,0.103
New Jersey,20-Jun,0.994157879,0.991060724,349069,0.003,0.008,0.163
New Mexico,20-Jun,1.007999995,1.007109444,212430,0.004,0.012,0.098
New York,20-Jun,1.010497688,1.007150606,330643,0.003,0.008,0.15
North Carolina,20-Jun,0.987627255,0.988857148,214138,0.006,0.003,0.088
North Dakota,20-Jun,1.148682872,1.147461341,234512,0.008,0.004,0.062
Ohio,20-Jun,1.008457092,1.006811599,157133,0.008,0.004,0.103
Oklahoma,20-Jun,1.066455481,1.065828343,135928,0.006,0.003,0.082
Oregon,20-Jun,1.07640935,1.075404721,377299,0.004,0.012,0.103
Pennsylvania,20-Jun,1.031042852,1.02990683,201277,0.003,0.008,0.133
Rhode Island,20-Jun,1.19335998,1.187623414,312304,0.003,0.008,0.109
South Carolina,20-Jun,0.976175869,0.973256282,197510,0.006,0.003,0.077
South Dakota,20-Jun,0.972021131,0.972606142,219300,0.008,0.004,0.061
Tennessee,20-Jun,1.035197043,1.031910521,196820,0.006,0.003,0.093
Texas,20-Jun,1.121604099,1.121625653,213439,0.006,0.003,0.102
Utah,20-Jun,0.979382747,0.978573097,366455,0.004,0.012,0.063
Vermont,20-Jun,0.954431483,0.952635079,263248,0.003,0.008,0.077
Virginia,20-Jun,1.086225329,1.086266487,293023,0.006,0.003,0.088
Washington,20-Jun,1.041675164,1.040332681,435031,0.004,0.012,0.108
West Virginia,20-Jun,1.083160926,1.084628587,108833,0.006,0.003,0.105
Wisconsin,20-Jun,1.093473493,1.093743124,201025,0.008,0.004,0.086
Wyoming,20-Jun,1.078045779,1.074219799,255047,0.004,0.012,0.074
Alabama,20-Mar,1.014886685,1.013430982,148393,-0.001,0.011,0.026
Alaska,20-Mar,0.774869193,0.773879863,283698,-0.002,0.025,0.051
Arizona,20-Mar,1.082352399,1.079318576,274114,-0.002,0.025,0.05
Arkansas,20-Mar,1.141752803,1.136744311,133014,-0.001,0.011,0.039
California,20-Mar,1.073588057,1.071352247,576716,-0.002,0.025,0.045
Colorado,20-Mar,1.030346082,1.029956549,411621,-0.002,0.025,0.047
Connecticut,20-Mar,1.197399137,1.195344654,260910,-0.02,0.017,0.038
Delaware,20-Mar,1.309897756,1.306397196,259820,-0.001,0.011,0.048
District of Columbia,20-Mar,1.147418643,1.142684975,654578,-0.001,0.011,0.052
Florida,20-Mar,0.86505628,0.863837111,251224,-0.001,0.011,0.049
Georgia,20-Mar,0.982834471,0.982055524,209051,-0.001,0.011,0.036
Hawaii,20-Mar,0.729452039,0.725908847,654590,-0.002,0.025,0.021
Idaho,20-Mar,0.812479324,0.811415676,299912,-0.002,0.025,0.027
Illinois,20-Mar,1.126098098,1.125016943,209128,-0.005,0.01,0.037
Indiana,20-Mar,1.011780138,1.011640271,159776,-0.005,0.01,0.033
Iowa,20-Mar,1.350943945,1.350037999,154648,-0.005,0.01,0.029
Kansas,20-Mar,1.28690237,1.286550952,156385,-0.005,0.01,0.032
Kentucky,20-Mar,1.218167401,1.218381161,150939,-0.001,0.011,0.042
Louisiana,20-Mar,0.784470252,0.784742219,172956,-0.001,0.011,0.053
Maine,20-Mar,0.994578059,0.995253703,250383,-0.02,0.017,0.031
Maryland,20-Mar,1.090270036,1.087581141,316572,-0.001,0.011,0.035
Massachusetts,20-Mar,0.957592412,0.956149138,434408,-0.02,0.017,0.027
Michigan,20-Mar,0.883335105,0.880346951,178348,-0.005,0.01,0.037
Minnesota,20-Mar,1.443554722,1.442140062,264496,-0.005,0.01,0.035
Mississippi,20-Mar,1.164372585,1.163506134,128907,-0.001,0.011,0.06
Missouri,20-Mar,0.973731813,0.971668915,167576,-0.005,0.01,0.037
Montana,20-Mar,0.674510272,0.673808144,296910,-0.002,0.025,0.038
Nebraska,20-Mar,1.492989645,1.488970716,181709,-0.005,0.01,0.031
Nevada,20-Mar,0.946633226,0.942718281,311709,-0.002,0.025,0.064
New Hampshire,20-Mar,1.132513365,1.130164269,300730,-0.02,0.017,0.027
New Jersey,20-Mar,0.978139682,0.977013844,344319,-0.02,0.017,0.038
New Mexico,20-Mar,1.218842443,1.216422467,208494,-0.002,0.025,0.054
New York,20-Mar,0.794738475,0.792304502,327042,-0.02,0.017,0.039
North Carolina,20-Mar,1.09198684,1.090533727,210568,-0.001,0.011,0.039
North Dakota,20-Mar,1.065033409,1.064007328,233516,-0.005,0.01,0.023
Ohio,20-Mar,1.161449946,1.160818453,154360,-0.005,0.01,0.049
Oklahoma,20-Mar,1.048906299,1.046167336,133790,-0.001,0.011,0.032
Oregon,20-Mar,0.964100347,0.961841737,371158,-0.002,0.025,0.036
Pennsylvania,20-Mar,1.007757049,1.004561611,198286,-0.02,0.017,0.051
Rhode Island,20-Mar,1.28210792,1.279880043,306483,-0.02,0.017,0.04
South Carolina,20-Mar,1.027627472,1.025763321,194576,-0.001,0.011,0.03
South Dakota,20-Mar,1.389362518,1.387394807,217508,-0.005,0.01,0.029
Tennessee,20-Mar,1.033634837,1.032730744,192841,-0.001,0.011,0.04
Texas,20-Mar,1.101404863,1.099188709,211063,-0.001,0.011,0.049
Utah,20-Mar,0.894577757,0.892810781,358201,-0.002,0.025,0.025
Vermont,20-Mar,0.710502443,0.708725705,260891,-0.02,0.017,0.026
Virginia,20-Mar,1.268347549,1.264661641,288982,-0.001,0.011,0.026
Washington,20-Mar,0.882835532,0.87886878,425612,-0.002,0.025,0.053
West Virginia,20-Mar,0.984277534,0.984217283,108124,-0.001,0.011,0.053
Wisconsin,20-Mar,1.040265551,1.037557715,197783,-0.005,0.01,0.032
Wyoming,20-Mar,0.972244671,0.967378495,253983,-0.002,0.025,0.051
Alabama,20-May,1.060943745,1.059232064,150206,-0.002,-0.004,0.079
Alaska,20-May,1.247915275,1.245627014,279986,0.001,0.008,0.116
Arizona,20-May,1.224718133,1.222154594,280304,0.001,0.008,0.106
Arkansas,20-May,1.133070361,1.128791635,133964,-0.002,-0.004,0.085
California,20-May,1.065609577,1.064606308,582013,0.001,0.008,0.156
Colorado,20-May,0.965332003,0.965982538,415481,0.001,0.008,0.116
Connecticut,20-May,0.816755079,0.81607391,262826,0.0,0.006,0.114
Delaware,20-May,0.968644162,0.966319496,262953,-0.002,-0.004,0.133
District of Columbia,20-May,0.787069175,0.784633583,654844,-0.002,-0.004,0.089
Florida,20-May,1.387498151,1.38394215,253830,-0.002,-0.004,0.142
Georgia,20-May,1.132906301,1.129409123,211063,-0.002,-0.004,0.094
Hawaii,20-May,1.39645655,1.394831528,658465,0.001,0.008,0.219
Idaho,20-May,1.225604442,1.223494001,305608,0.001,0.008,0.083
Illinois,20-May,0.816134636,0.815686833,209797,0.003,-0.004,0.154
Indiana,20-May,0.885665246,0.883452481,161449,0.003,-0.004,0.12
Iowa,20-May,1.010661318,1.010358242,155101,0.003,-0.004,0.083
Kansas,20-May,1.104127085,1.103893789,157819,0.003,-0.004,0.09
Kentucky,20-May,1.015143,1.013874056,152067,-0.002,-0.004,0.109
Louisiana,20-May,1.139136009,1.136321147,173894,-0.002,-0.004,0.131
Maine,20-May,0.945661288,0.946021996,254209,0.0,0.006,0.083
Maryland,20-May,0.854384785,0.851504586,318628,-0.002,-0.004,0.09
Massachusetts,20-May,0.750763403,0.748921774,438382,0.0,0.006,0.153
Michigan,20-May,1.100227371,1.095639752,180112,0.003,-0.004,0.208
Minnesota,20-May,0.931891678,0.930454241,266978,0.003,-0.004,0.113
Mississippi,20-May,1.175269427,1.17340995,129369,-0.002,-0.004,0.11
Missouri,20-May,1.13658146,1.132981998,169098,0.003,-0.004,0.096
Montana,20-May,1.488070937,1.482531058,299558,0.001,0.008,0.091
Nebraska,20-May,0.903997366,0.902487701,182880,0.003,-0.004,0.054
Nevada,20-May,1.361115069,1.360979657,314811,0.001,0.008,0.245
New Hampshire,20-May,0.868766053,0.864578369,304365,0.0,0.006,0.134
New Jersey,20-May,0.890830625,0.88835149,347313,0.0,0.006,0.165
New Mexico,20-May,1.026557888,1.025820288,211123,0.001,0.008,0.1
New York,20-May,0.893641339,0.892599385,329278,0.0,0.006,0.157
North Carolina,20-May,1.084892738,1.079022981,212888,-0.002,-0.004,0.135
North Dakota,20-May,0.938185376,0.938640524,234170,0.003,-0.004,0.087
Ohio,20-May,1.065737514,1.066103476,156118,0.003,-0.004,0.149
Oklahoma,20-May,1.298456936,1.29188432,135230,-0.002,-0.004,0.095
Oregon,20-May,1.320767383,1.320766792,375342,0.001,0.008,0.117
Pennsylvania,20-May,0.939359291,0.937015309,200192,0.0,0.006,0.135
Rhode Island,20-May,0.837236602,0.836264832,310297,0.0,0.006,0.129
South Carolina,20-May,1.324082161,1.324424345,196429,-0.002,-0.004,0.115
South Dakota,20-May,1.093428478,1.094864018,218704,0.003,-0.004,0.07
Tennessee,20-May,1.112595575,1.10911864,195479,-0.002,-0.004,0.096
Texas,20-May,1.184015431,1.18154041,212551,-0.002,-0.004,0.116
Utah,20-May,1.073041134,1.070242908,363338,0.001,0.008,0.076
Vermont,20-May,1.061668481,1.058259029,262229,0.0,0.006,0.093
Virginia,20-May,0.84208562,0.84064627,291528,-0.002,-0.004,0.085
Washington,20-May,1.164225954,1.163096615,431989,0.001,0.008,0.125
West Virginia,20-May,1.118313196,1.114282816,108532,-0.002,-0.004,0.119
Wisconsin,20-May,1.007460006,1.007313851,199758,0.003,-0.004,0.104
Wyoming,20-May,1.214562329,1.209747587,254579,0.001,0.008,0.085
Alabama,20-Nov,1.057968539,1.054684556,157059,-0.001,0.012,0.047
Alaska,20-Nov,0.868275517,0.86600801,283939,0.0,0.014,0.065
Arizona,20-Nov,1.048081108,1.044049165,302958,0.0,0.014,0.068
Arkansas,20-Nov,1.06594027,1.064134142,138618,-0.001,0.012,0.053
California,20-Nov,1.099775049,1.097408586,614392,0.0,0.014,0.087
Colorado,20-Nov,0.99548545,0.993734401,434662,0.0,0.014,0.069
Connecticut,20-Nov,0.994243887,0.990859681,280848,0.001,0.011,0.082
Delaware,20-Nov,1.047986869,1.045214716,277469,-0.001,0.012,0.058
District of Columbia,20-Nov,1.013060678,1.012655443,668106,-0.001,0.012,0.088
Florida,20-Nov,1.072968613,1.071912382,265055,-0.001,0.012,0.054
Georgia,20-Nov,1.093648941,1.09129147,221020,-0.001,0.012,0.056
Hawaii,20-Nov,1.086667209,1.027057044,674269,0.0,0.014,0.103
Idaho,20-Nov,1.021039181,1.021248875,334419,0.0,0.014,0.043
Illinois,20-Nov,0.938825531,0.937254458,217807,-0.002,0.01,0.081
Indiana,20-Nov,1.023594693,1.021232839,169142,-0.002,0.01,0.05
Iowa,20-Nov,0.985493674,0.98569711,158343,-0.002,0.01,0.039
Kansas,20-Nov,0.970315661,0.970900583,164485,-0.002,0.01,0.047
Kentucky,20-Nov,1.039233773,1.03785635,158223,-0.001,0.012,0.056
Louisiana,20-Nov,1.057840211,1.055767049,178309,-0.001,0.012,0.079
Maine,20-Nov,1.180976734,1.178701798,269331,0.001,0.011,0.049
Maryland,20-Nov,1.034678643,1.032968412,334398,-0.001,0.012,0.068
Massachusetts,20-Nov,1.076633101,1.073763969,463792,0.001,0.011,0.084
Michigan,20-Nov,0.932693527,0.927675101,189494,-0.002,0.01,0.082
Minnesota,20-Nov,0.915879521,0.914096425,277903,-0.002,0.01,0.05
Mississippi,20-Nov,1.042597906,1.040872743,132852,-0.001,0.012,0.067
Missouri,20-Nov,0.998515801,0.998763419,177685,-0.002,0.01,0.047
Montana,20-Nov,0.920223463,0.918213952,315337,0.0,0.014,0.045
Nebraska,20-Nov,0.976634134,0.973810729,190158,-0.002,0.01,0.034
Nevada,20-Nov,0.989710686,0.985746902,329567,0.0,0.014,0.087
New Hampshire,20-Nov,1.043365962,1.044035295,323886,0.001,0.011,0.042
New Jersey,20-Nov,0.994444522,0.990171338,368133,0.001,0.011,0.102
New Mexico,20-Nov,0.931498612,0.928883766,223230,0.0,0.014,0.085
New York,20-Nov,1.068523319,1.066541153,343512,0.001,0.011,0.087
North Carolina,20-Nov,1.048440522,1.047335955,223150,-0.001,0.012,0.064
North Dakota,20-Nov,0.881345682,0.87896013,237196,-0.002,0.01,0.047
Ohio,20-Nov,1.004938704,1.005566798,164710,-0.002,0.01,0.056
Oklahoma,20-Nov,1.029550038,1.025827306,140142,-0.001,0.012,0.048
Oregon,20-Nov,0.94847662,0.949177796,395599,0.0,0.014,0.066
Pennsylvania,20-Nov,1.044546356,1.043621742,210667,0.001,0.011,0.071
Rhode Island,20-Nov,0.967268464,0.964596406,329630,0.001,0.011,0.079
South Carolina,20-Nov,1.086590339,1.085693443,204845,-0.001,0.012,0.056
South Dakota,20-Nov,0.966255405,0.965301283,225226,-0.002,0.01,0.036
Tennessee,20-Nov,1.076878402,1.075526315,205362,-0.001,0.012,0.056
Texas,20-Nov,1.044885381,1.045153934,221361,-0.001,0.012,0.072
Utah,20-Nov,1.020875018,1.019950374,389388,0.0,0.014,0.035
Vermont,20-Nov,1.037699128,1.036711743,270584,0.001,0.011,0.037
Virginia,20-Nov,1.015119067,1.014815955,303301,-0.001,0.012,0.058
Washington,20-Nov,0.934715383,0.934459122,461376,0.0,0.014,0.067
West Virginia,20-Nov,1.102071601,1.098016915,111258,-0.001,0.012,0.07
Wisconsin,20-Nov,0.908814453,0.910494593,210014,-0.002,0.01,0.044
Wyoming,20-Nov,0.91038722,0.908747828,259312,0.0,0.014,0.053
Alabama,20-Oct,1.065128511,1.063858555,155690,0.001,0.013,0.047
Alaska,20-Oct,1.132017637,1.129112268,281413,0.002,0.012,0.065
Arizona,20-Oct,1.137974136,1.135631042,297926,0.002,0.012,0.068
Arkansas,20-Oct,1.053686396,1.051171457,137506,0.001,0.013,0.056
California,20-Oct,1.159515767,1.157292848,607419,0.002,0.012,0.098
Colorado,20-Oct,1.0422356,1.042023586,430285,0.002,0.012,0.069
Connecticut,20-Oct,1.17106644,1.16738972,276712,-0.002,0.011,0.082
Delaware,20-Oct,1.141686401,1.139958824,274606,0.001,0.013,0.057
District of Columbia,20-Oct,1.106822281,1.10670359,664152,0.001,0.013,0.088
Florida,20-Oct,1.045030332,1.040808744,262677,0.001,0.013,0.058
Georgia,20-Oct,1.037051271,1.034471549,218701,0.001,0.013,0.059
Hawaii,20-Oct,1.061215278,1.012197331,669306,0.002,0.012,0.103
Idaho,20-Oct,1.044093255,1.042796861,327383,0.002,0.012,0.048
Illinois,20-Oct,1.011071156,1.011595477,215900,-0.001,0.01,0.081
Indiana,20-Oct,1.057298112,1.05681419,167401,-0.001,0.01,0.056
Iowa,20-Oct,0.994008426,0.990398469,157503,-0.001,0.01,0.042
Kansas,20-Oct,1.047525795,1.047026196,162903,-0.001,0.01,0.047
Kentucky,20-Oct,1.107010087,1.105755313,156743,0.001,0.013,0.055
Louisiana,20-Oct,1.133736109,1.132275028,177354,0.001,0.013,0.079
Maine,20-Oct,1.186222685,1.1860001,265980,-0.002,0.011,0.048
Maryland,20-Oct,1.120358498,1.120574452,330810,0.001,0.013,0.068
Massachusetts,20-Oct,1.129826617,1.129530937,457983,-0.002,0.011,0.085
Michigan,20-Oct,1.104068127,1.101511088,187354,-0.001,0.01,0.081
Minnesota,20-Oct,1.05542329,1.055638621,275427,-0.001,0.01,0.053
Mississippi,20-Oct,1.019029388,1.014541117,132030,0.001,0.013,0.069
Missouri,20-Oct,1.088839035,1.088933175,175931,-0.001,0.01,0.05
Montana,20-Oct,0.9855392,0.984550465,311491,0.002,0.012,0.047
Nebraska,20-Oct,1.042393853,1.039981179,188382,-0.001,0.01,0.036
Nevada,20-Oct,1.12089696,1.120240647,326708,0.002,0.012,0.12
New Hampshire,20-Oct,1.272934249,1.271764009,319365,-0.002,0.011,0.047
New Jersey,20-Oct,1.123157464,1.120417574,363395,-0.002,0.011,0.077
New Mexico,20-Oct,1.140616529,1.13782689,220390,0.002,0.012,0.085
New York,20-Oct,1.172975715,1.173259589,340259,-0.002,0.011,0.087
North Carolina,20-Oct,1.06274164,1.060621046,221002,0.001,0.013,0.068
North Dakota,20-Oct,0.983204254,0.980330691,236017,-0.001,0.01,0.047
Ohio,20-Oct,1.15686993,1.156330723,162790,-0.001,0.01,0.056
Oklahoma,20-Oct,1.052910169,1.048097248,139221,0.001,0.013,0.052
Oregon,20-Oct,1.219036217,1.21909657,391030,0.002,0.012,0.07
Pennsylvania,20-Oct,1.163701816,1.165218059,208387,-0.002,0.011,0.07
Rhode Island,20-Oct,1.145462163,1.145068321,325388,-0.002,0.011,0.073
South Carolina,20-Oct,1.029208021,1.028221757,203068,0.001,0.013,0.054
South Dakota,20-Oct,0.959176971,0.957580354,223583,-0.001,0.01,0.037
Tennessee,20-Oct,1.07814931,1.074338515,203280,0.001,0.013,0.078
Texas,20-Oct,1.007239157,1.005919396,219232,0.001,0.013,0.073
Utah,20-Oct,1.049089633,1.047051134,383822,0.002,0.012,0.038
Vermont,20-Oct,1.154101242,1.150880794,268068,-0.002,0.011,0.04
Virginia,20-Oct,1.094686377,1.093583579,300614,0.001,0.013,0.061
Washington,20-Oct,1.169574741,1.16802613,455614,0.002,0.012,0.07
West Virginia,20-Oct,1.07018794,1.069002856,110399,0.001,0.013,0.074
Wisconsin,20-Oct,1.014557399,1.012083227,207800,-0.001,0.01,0.048
Wyoming,20-Oct,1.063795092,1.061609784,257947,0.002,0.012,0.054
Alabama,20-Sep,1.092640656,1.089937757,154307,0.002,0.013,0.067
Alaska,20-Sep,1.20046478,1.199733875,278899,0.0,0.016,0.07
Arizona,20-Sep,1.112137651,1.113686588,293384,0.0,0.016,0.069
Arkansas,20-Sep,1.06948718,1.065474217,136647,0.002,0.013,0.059
California,20-Sep,1.036160078,1.035218688,600506,0.0,0.016,0.106
Colorado,20-Sep,1.201390734,1.199428322,426283,0.0,0.016,0.07
Connecticut,20-Sep,1.225462369,1.223121788,272911,0.001,0.012,0.083
Delaware,20-Sep,1.020923723,1.020150813,271856,0.002,0.013,0.076
District of Columbia,20-Sep,1.044480189,1.046122463,661564,0.002,0.013,0.087
Florida,20-Sep,1.040602192,1.038671094,260325,0.002,0.013,0.072
Georgia,20-Sep,1.041038139,1.040685861,216779,0.002,0.013,0.065
Hawaii,20-Sep,1.036117647,1.022117643,665647,0.0,0.016,0.148
Idaho,20-Sep,1.08728084,1.082753159,321463,0.0,0.016,0.06
Illinois,20-Sep,1.178684391,1.178714557,214075,0.002,0.013,0.104
Indiana,20-Sep,1.128396445,1.125724423,165917,0.002,0.013,0.063
Iowa,20-Sep,1.122179929,1.119705633,156938,0.002,0.013,0.047
Kansas,20-Sep,1.12191743,1.122510441,161566,0.002,0.013,0.061
Kentucky,20-Sep,1.092665238,1.091069448,155468,0.002,0.013,0.055
Louisiana,20-Sep,1.043422773,1.04113736,176428,0.002,0.013,0.08
Maine,20-Sep,1.103545434,1.101005031,262687,0.001,0.012,0.049
Maryland,20-Sep,1.052530267,1.048495799,327545,0.002,0.013,0.07
Massachusetts,20-Sep,1.127741453,1.127788685,452475,0.001,0.012,0.089
Michigan,20-Sep,1.146717852,1.146266585,185209,0.002,0.013,0.082
Minnesota,20-Sep,1.163127824,1.159779262,273199,0.002,0.013,0.058
Mississippi,20-Sep,0.866668112,0.863429081,131319,0.002,0.013,0.072
Missouri,20-Sep,1.100737413,1.096819501,174266,0.002,0.013,0.054
Montana,20-Sep,1.15617397,1.152773097,308071,0.0,0.016,0.052
Nebraska,20-Sep,1.145608888,1.143299009,186809,0.002,0.013,0.038
Nevada,20-Sep,1.092514805,1.089362137,323647,0.0,0.016,0.13
New Hampshire,20-Sep,1.120557088,1.116195151,315139,0.001,0.012,0.055
New Jersey,20-Sep,1.161536448,1.160126387,358690,0.001,0.012,0.078
New Mexico,20-Sep,1.188924391,1.188355966,217989,0.0,0.016,0.086
New York,20-Sep,1.015749683,1.011141412,337195,0.001,0.012,0.1
North Carolina,20-Sep,1.019107538,1.017507714,218997,0.002,0.013,0.073
North Dakota,20-Sep,1.129417985,1.128351043,235304,0.002,0.013,0.047
Ohio,20-Sep,1.168324117,1.165311171,161103,0.002,0.013,0.074
Oklahoma,20-Sep,1.033847587,1.031410631,138298,0.002,0.013,0.057
Oregon,20-Sep,1.066705037,1.064339917,386910,0.0,0.016,0.075
Pennsylvania,20-Sep,1.113258154,1.111319166,206263,0.001,0.012,0.071
Rhode Island,20-Sep,1.212628704,1.21369143,320939,0.001,0.012,0.109
South Carolina,20-Sep,1.061806694,1.063011634,201408,0.002,0.013,0.054
South Dakota,20-Sep,1.15023608,1.148644476,222235,0.002,0.013,0.04
Tennessee,20-Sep,1.120536779,1.118024012,201478,0.002,0.013,0.079
Texas,20-Sep,1.008995948,1.009577386,217313,0.002,0.013,0.079
Utah,20-Sep,1.034165575,1.033805363,378476,0.0,0.016,0.042
Vermont,20-Sep,1.256355677,1.257692112,266316,0.001,0.012,0.046
Virginia,20-Sep,1.053584921,1.051638812,298432,0.002,0.013,0.066
Washington,20-Sep,1.09727831,1.091461937,449495,0.0,0.016,0.08
West Virginia,20-Sep,1.050827149,1.05056404,109898,0.002,0.013,0.079
Wisconsin,20-Sep,1.097872356,1.098732579,205917,0.002,0.013,0.052
Wyoming,20-Sep,1.223719807,1.217595011,257003,0.0,0.016,0.057
Alabama,21-Jan,0.950629158,0.933765211,159865,0.005,0.016,0.043
Alaska,21-Jan,0.806808592,0.798388402,287333,0.002,0.014,0.066
Arizona,21-Jan,0.960989482,0.956560479,314038,0.002,0.014,0.067
Arkansas,21-Jan,0.900516707,0.879486181,141002,0.005,0.016,0.046
California,21-Jan,0.809353862,0.802071494,628079,0.002,0.014,0.09
Colorado,21-Jan,0.924197701,0.916443257,443927,0.002,0.014,0.066
Connecticut,21-Jan,0.979303293,0.950796154,289220,0.004,0.011,0.081
Delaware,21-Jan,0.985335851,0.965442659,282953,0.005,0.016,0.061
District of Columbia,21-Jan,0.927965575,0.913226647,671644,0.005,0.016,0.084
Florida,21-Jan,0.986232892,0.977204784,270305,0.005,0.016,0.048
Georgia,21-Jan,0.839735468,0.827935506,226068,0.005,0.016,0.051
Hawaii,21-Jan,1.122314804,1.031299092,684721,0.002,0.014,0.103
Idaho,21-Jan,0.84033695,0.832184495,350717,0.002,0.014,0.035
Illinois,21-Jan,0.8524993,0.83301777,221372,0.005,0.012,0.077
Indiana,21-Jan,0.913157056,0.90332302,172916,0.005,0.012,0.042
Iowa,21-Jan,0.904466399,0.892002706,160120,0.005,0.012,0.036
Kansas,21-Jan,0.944165893,0.924828601,167737,0.005,0.012,0.034
Kentucky,21-Jan,0.945658236,0.942167716,160990,0.005,0.016,0.053
Louisiana,21-Jan,0.87387143,0.860012373,179812,0.005,0.016,0.076
Maine,21-Jan,0.981985092,0.969060105,276704,0.004,0.011,0.052
Maryland,21-Jan,0.970652758,0.958870281,341806,0.005,0.016,0.064
Massachusetts,21-Jan,0.914697986,0.908161946,474984,0.004,0.011,0.078
Michigan,21-Jan,0.933940196,0.9271436,193828,0.005,0.012,0.057
Minnesota,21-Jan,0.890910604,0.883370798,283092,0.005,0.012,0.045
Mississippi,21-Jan,1.006993898,0.980699546,134666,0.005,0.016,0.064
Missouri,21-Jan,0.872135527,0.852625619,181219,0.005,0.012,0.043
Montana,21-Jan,0.870864551,0.866196727,323852,0.002,0.014,0.04
Nebraska,21-Jan,0.792598132,0.777799618,193687,0.005,0.012,0.032
Nevada,21-Jan,0.938334845,0.928249449,335184,0.002,0.014,0.085
New Hampshire,21-Jan,0.995567851,0.983535106,333322,0.004,0.011,0.036
New Jersey,21-Jan,0.947735338,0.934764023,377346,0.004,0.011,0.078
New Mexico,21-Jan,0.841598089,0.826313389,228990,0.002,0.014,0.087
New York,21-Jan,0.926203579,0.905648108,349861,0.004,0.011,0.088
North Carolina,21-Jan,0.93459599,0.920201611,228263,0.005,0.016,0.059
North Dakota,21-Jan,0.981780946,0.968421678,239600,0.005,0.012,0.045
Ohio,21-Jan,0.870220042,0.86025232,168564,0.005,0.012,0.053
Oklahoma,21-Jan,0.999473483,0.98449472,142112,0.005,0.016,0.044
Oregon,21-Jan,0.871402073,0.857391833,404305,0.002,0.014,0.062
Pennsylvania,21-Jan,0.899886467,0.884423399,215502,0.004,0.011,0.073
Rhode Island,21-Jan,0.922569902,0.906702792,339454,0.004,0.011,0.072
South Carolina,21-Jan,0.867540623,0.855170619,208597,0.005,0.016,0.053
South Dakota,21-Jan,0.874119146,0.857414118,228597,0.005,0.012,0.031
Tennessee,21-Jan,0.883890785,0.873862062,209975,0.005,0.016,0.051
Texas,21-Jan,0.937858035,0.915605566,225752,0.005,0.016,0.068
Utah,21-Jan,0.921250179,0.916261904,401529,0.002,0.014,0.031
Vermont,21-Jan,1.146046534,1.138835734,276150,0.004,0.011,0.032
Virginia,21-Jan,1.015255082,1.003273026,309134,0.005,0.016,0.053
Washington,21-Jan,0.919229346,0.907129713,472028,0.002,0.014,0.06
West Virginia,21-Jan,0.933768786,0.924355132,112874,0.005,0.016,0.065
Wisconsin,21-Jan,0.827797196,0.815491734,214625,0.005,0.012,0.038
Wyoming,21-Jan,0.92809573,0.907931407,261890,0.002,0.014,0.051
